feature_set,seed,model,accuracy,precision,recall,f1,balanced_accuracy,mcc,tn,fp,fn,tp,roc_auc,pr_auc_benign,pr_auc_ddos
4,104729,xgboost,0.9848505747126437,0.977637952107193,0.992417976288944,0.98497252183431,0.9848463972897475,0.9698118464873219,21244,494,165,21597,0.9991997630012226,0.9991958775123753,0.9991815294135331
4,104729,rf,0.9834022988505747,0.9761042722664736,0.9910853781821524,0.9835377810205663,0.983398057570237,0.9669183227765205,21210,528,194,21568,0.9989501225500175,0.9989643255390517,0.9989509115867077
4,104729,mlp,0.9163218390804597,0.913555454130534,0.9197684036393714,0.9166514013555597,0.916319936477888,0.8326622764886267,19844,1894,1746,20016,0.9770018775283823,0.9694081208902678,0.9813641163123826
4,104729,hybrid,0.9847586206896551,0.9767704614272156,0.9931532028306221,0.9848937091298503,0.9847539866393427,0.9696535001659633,21224,514,149,21613,0.9979905630030728,0.9980171773985449,0.997981495684494
6,104729,xgboost,0.9858390804597701,0.9788930156717094,0.9931072511717673,0.9859489051094891,0.9858350682209007,0.9717804961269871,21272,466,150,21612,0.9992533077394135,0.9992313061959772,0.9992700302413875
6,104729,rf,0.9858390804597701,0.9801107982926165,0.9918206047238305,0.9859309336744017,0.9858357784866738,0.9717473996474693,21300,438,178,21584,0.9992805409357071,0.999267262394322,0.9993139230731078
6,104729,mlp,0.9844367816091955,0.976324944652781,0.9929693961952026,0.9845768310741543,0.9844320713610111,0.969014244701061,21214,524,153,21609,0.9984058803444509,0.9976488138238269,0.9985629050712601
6,104729,hybrid,0.9859310344827587,0.9794613710554951,0.9926936862420733,0.9860331370669588,0.9859273013048622,0.9719506513644622,21285,453,159,21603,0.9992032382301836,0.9990871418288375,0.9992678484358852
8,104729,xgboost,0.985448275862069,0.9792243139033795,0.9919584597003952,0.9855502545255325,0.9854446820537122,0.9709785314850197,21280,458,175,21587,0.9992352551510143,0.9992068209140771,0.9992602230885697
8,104729,rf,0.9860459770114942,0.9804242176499978,0.9919125080415403,0.9861349048630622,0.986042738517964,0.9721585824332497,21307,431,176,21586,0.99909153308322,0.9990444769840092,0.9991714815853867
8,104729,mlp,0.980919540229885,0.9704243078029485,0.9920963146769598,0.9811406498523063,0.9809133703295554,0.9620788132401067,21080,658,172,21590,0.997479621904221,0.9967418529466154,0.9979131382391397
8,104729,hybrid,0.9855402298850575,0.9796196268893831,0.9917287014061208,0.9856369739456078,0.9855368136711347,0.9711545328236919,21289,449,180,21582,0.9987356825323045,0.9985046052586661,0.9989214611150252
4,130363,xgboost,0.9851278043398308,0.9766490237068007,0.9944746376811594,0.985481228822117,0.9849847049496163,0.9704072579351302,20899,525,122,21958,0.999245019342049,0.999259262303517,0.9992159819289096
4,130363,rf,0.9838865391688121,0.9755750322551942,0.9931159420289855,0.9842673429539691,0.983745237631371,0.9679182586524538,20875,549,152,21928,0.9991045233369593,0.9991078164228896,0.9991152493483051
4,130363,mlp,0.9321671570430305,0.9351257904553933,0.9309329710144928,0.9330246703433875,0.9321860523481724,0.8643217287125574,19998,1426,1525,20555,0.9892511450148012,0.989870000755765,0.9885783041335697
4,130363,hybrid,0.9843922397940419,0.9753876227286863,0.994338768115942,0.9847720289757563,0.984239959113983,0.9689567538304812,20870,554,125,21955,0.9991075928323645,0.9991512652487864,0.9988689439256162
6,130363,xgboost,0.9880011033468187,0.977665514490827,0.9991847826086957,0.9883080231151727,0.987829881969023,0.9762326305513555,20920,504,18,22062,0.9994942276997354,0.9995038777522518,0.999451144674721
6,130363,rf,0.9880470761309305,0.9784731469152241,0.9984148550724637,0.9883434207576777,0.987888346132199,0.9762904179986107,20939,485,35,22045,0.9994143341461155,0.9994281941946331,0.9994110618749343
6,130363,mlp,0.9863230967267378,0.9748905883913178,0.9987771739130434,0.9866893358090423,0.986132425642108,0.9729310327668017,20856,568,27,22053,0.9983244233407476,0.9986915597419236,0.9974237740839516
6,130363,hybrid,0.9881160353070982,0.9780517004389659,0.9990036231884057,0.9884166423946408,0.9879493470684374,0.9764500069572511,20929,495,22,22058,0.9996010142187821,0.9996390020012051,0.9994761665323388
8,130363,xgboost,0.9874264435454211,0.9765414066303723,0.9992300724637682,0.9877554675083384,0.9872457307800544,0.9751097533241797,20894,530,17,22063,0.9995382872198726,0.9995263665630627,0.9995196613122388
8,130363,rf,0.9880470761309305,0.9780487804878049,0.9988677536231884,0.9883486444095899,0.9878814122858287,0.9763091047999568,20929,495,25,22055,0.9996495458584305,0.9996615690041274,0.9996384923279514
8,130363,mlp,0.9897480691430673,0.9813974187805964,0.998731884057971,0.9899887766554433,0.9896105275405613,0.9796435567367743,21006,418,28,22052,0.9968000066463455,0.9977036728777985,0.9950004406150599
8,130363,hybrid,0.9874724163295329,0.976881172771159,0.9989583333333333,0.9877964128171254,0.987296567712223,0.975187391084967,20902,522,23,22057,0.9996739654701214,0.9996399795223039,0.9996567805559369
4,155921,xgboost,0.9848505747126437,0.977637952107193,0.992417976288944,0.98497252183431,0.9848463972897475,0.9698118464873219,21244,494,165,21597,0.9991997630012226,0.9991958775123753,0.9991815294135331
4,155921,rf,0.9836781609195402,0.9761603184655749,0.9915908464295561,0.9838150816084618,0.9836737928900012,0.9674770433948616,21211,527,183,21579,0.9989781812188836,0.9989987424953535,0.9989637111951667
4,155921,mlp,0.9205977011494253,0.9128630705394191,0.9300615752228656,0.9213820731096645,0.9205924768192716,0.8413432020049024,19806,1932,1522,20240,0.9588126950858038,0.9091512403986362,0.972856845213072
4,155921,hybrid,0.984735632183908,0.9762528216704289,0.993658671078026,0.9848788486063035,0.9847307064102984,0.9696252532837721,21212,526,138,21624,0.9978243608121716,0.9978773392930874,0.9978390190888407
6,155921,xgboost,0.9858390804597701,0.9788930156717094,0.9931072511717673,0.9859489051094891,0.9858350682209007,0.9717804961269871,21272,466,150,21612,0.9992533077394135,0.9992313061959772,0.9992700302413875
6,155921,rf,0.9858850574712643,0.9802870639534884,0.9917287014061208,0.9859746904838047,0.9858818316120677,0.9718361968527676,21304,434,180,21582,0.9992483855553285,0.9992406438718355,0.9992799967738587
6,155921,mlp,0.9720689655172414,0.9747677803965064,0.9692583402260821,0.9720052533351766,0.9720705170630825,0.944153185830041,21192,546,669,21093,0.98396592668219,0.9678970545256593,0.9903791046746119
6,155921,hybrid,0.9856551724137931,0.9790590155017678,0.9925558312655087,0.9857612267250822,0.9856513630520202,0.9714025281440529,21276,462,162,21600,0.9983424912380896,0.9981491956230163,0.9985348176502999
8,155921,xgboost,0.985448275862069,0.9792243139033795,0.9919584597003952,0.9855502545255325,0.9854446820537122,0.9709785314850197,21280,458,175,21587,0.9992352551510143,0.9992068209140771,0.9992602230885697
8,155921,rf,0.9860459770114942,0.9804242176499978,0.9919125080415403,0.9861349048630622,0.986042738517964,0.9721585824332497,21307,431,176,21586,0.9991888965690603,0.9991667817902837,0.9992379739696121
8,155921,mlp,0.9834942528735632,0.9767125770206596,0.9906258615936036,0.983620020988274,0.9834903160208335,0.9670864718021599,21224,514,204,21558,0.9973520435855606,0.9962985011643503,0.9976831467359973
8,155921,hybrid,0.9857011494252873,0.979539061791126,0.9921422663358147,0.9858003835266186,0.9856975937438572,0.9714825927920965,21287,451,171,21591,0.9988360879004289,0.9986498767369243,0.9989983602178303
4,181081,xgboost,0.9848505747126437,0.977637952107193,0.992417976288944,0.98497252183431,0.9848463972897475,0.9698118464873219,21244,494,165,21597,0.9991997630012226,0.9991958775123753,0.9991815294135331
4,181081,rf,0.983448275862069,0.9762357414448669,0.9910394265232975,0.9835818853468327,0.9834440853289963,0.9670075764811111,21213,525,195,21567,0.9989761920519418,0.9989888146382375,0.9989779444487459
4,181081,mlp,0.9263218390804597,0.9255216693418941,0.9273504273504274,0.9264351458672849,0.9263212712702087,0.8526451388941051,20114,1624,1581,20181,0.9579191965974143,0.9085142330175409,0.9725742222214674
4,181081,hybrid,0.9850574712643678,0.9767841011743451,0.9937505743957357,0.9851942963874083,0.9850526724218995,0.9702611898917584,21224,514,136,21626,0.998475414518081,0.9984424263529424,0.9984791169569064
6,181081,xgboost,0.9858390804597701,0.9788930156717094,0.9931072511717673,0.9859489051094891,0.9858350682209007,0.9717804961269871,21272,466,150,21612,0.9992533077394135,0.9992313061959772,0.9992700302413875
6,181081,rf,0.9857931034482759,0.9800217944061025,0.9918206047238305,0.9858858996026127,0.9857897760945493,0.9716565093259578,21298,440,178,21584,0.9992320283036852,0.999224351488237,0.9992644973319472
6,181081,mlp,0.983103448275862,0.9734744426930871,0.9932910578071869,0.9832829167330043,0.9830978244229605,0.9664069879061288,21149,589,146,21616,0.9984772493713281,0.9978722593347362,0.9985591433523311
6,181081,hybrid,0.986,0.9793772379096225,0.9929234445363477,0.9861038220193953,0.985996178059875,0.9720928713062077,21283,455,154,21608,0.9991771888101789,0.9990961556408599,0.9992422371740818
8,181081,xgboost,0.985448275862069,0.9792243139033795,0.9919584597003952,0.9855502545255325,0.9854446820537122,0.9709785314850197,21280,458,175,21587,0.9992352551510143,0.9992068209140771,0.9992602230885697
8,181081,rf,0.9860459770114942,0.9804242176499978,0.9919125080415403,0.9861349048630622,0.986042738517964,0.9721585824332497,21307,431,176,21586,0.9991656945538063,0.9991360707428287,0.9992139054392887
8,181081,mlp,0.9801149425287357,0.9688579762171865,0.9921422663358147,0.9803618861670488,0.9801083031007438,0.9605070799395085,21044,694,171,21591,0.9980795914355105,0.9974014472076467,0.9982971008669426
8,181081,hybrid,0.9854252873563218,0.9793538433614666,0.9917746530649757,0.9855251141552511,0.9854217823241891,0.9709285390709995,21283,455,179,21583,0.9989455364738429,0.998846405207056,0.9990613790614058
4,206369,xgboost,0.9848505747126437,0.977637952107193,0.992417976288944,0.98497252183431,0.9848463972897475,0.9698118464873219,21244,494,165,21597,0.9991997630012226,0.9991958775123753,0.9991815294135331
4,206369,rf,0.9833333333333333,0.9761010274747658,0.9909475232055878,0.9834682476342492,0.9833291300819548,0.9667783377207344,21210,528,197,21565,0.9990689736893797,0.99905901942886,0.9990986333343533
4,206369,mlp,0.9221379310344827,0.9154795821462488,0.9302453818582851,0.9228034188034188,0.9221334554888996,0.8443843900226382,19869,1869,1518,20244,0.981134514537445,0.9810893970372954,0.9828496064756297
4,206369,hybrid,0.9848275862068966,0.9767736104835065,0.9932910578071869,0.9849630912239132,0.984822914127625,0.9697937043498711,21224,514,146,21616,0.9982542259185805,0.9982174190678075,0.9982893457602534
6,206369,xgboost,0.9858390804597701,0.9788930156717094,0.9931072511717673,0.9859489051094891,0.9858350682209007,0.9717804961269871,21272,466,150,21612,0.9992533077394135,0.9992313061959772,0.9992700302413875
6,206369,rf,0.9856551724137931,0.9798855793679623,0.9916827497472659,0.9857488695016672,0.9856518450180805,0.9713806253224557,21295,443,181,21581,0.9992309576203099,0.9992104666466846,0.999268876027517
6,206369,mlp,0.9840689655172414,0.975233455136013,0.9933829611248967,0.9842245441507887,0.9840638239243031,0.9683054824239667,21189,549,144,21618,0.9986850602418258,0.998063325631442,0.998839238525467
6,206369,hybrid,0.9859080459770115,0.9792431452526625,0.9928774928774928,0.986013188217309,0.985904198642261,0.9719101839459846,21280,458,155,21607,0.999124392387713,0.998996637391748,0.9992092576358705
8,206369,xgboost,0.985448275862069,0.9792243139033795,0.9919584597003952,0.9855502545255325,0.9854446820537122,0.9709785314850197,21280,458,175,21587,0.9992352551510143,0.9992068209140771,0.9992602230885697
8,206369,rf,0.9860689655172413,0.98046875,0.9919125080415403,0.9861574306729407,0.9860657397140262,0.9722040405109361,21308,430,176,21586,0.9992452939967178,0.9992220714004383,0.9992877553815194
8,206369,mlp,0.9827816091954023,0.9733297292426905,0.9927855895597831,0.9829613958461293,0.982776086711072,0.965756002812499,21146,592,157,21605,0.9985582968263068,0.9979992872238634,0.9986643323931843
8,206369,hybrid,0.9855862068965517,0.9795344193855788,0.9919125080415403,0.9856846046713396,0.9855827145967201,0.9712498414149431,21287,451,176,21586,0.9991605208172598,0.9990362298282424,0.9992217460287743
4,231701,xgboost,0.9848505747126437,0.977637952107193,0.992417976288944,0.98497252183431,0.9848463972897475,0.9698118464873219,21244,494,165,21597,0.9991997630012226,0.9991958775123753,0.9991815294135331
4,231701,rf,0.9834712643678161,0.976193708983933,0.9911313298410073,0.9836058097909114,0.983467035791789,0.9670555901928481,21212,526,193,21569,0.9988940961093933,0.9989007807753306,0.9989038285513857
4,231701,mlp,0.9302298850574713,0.928163153322054,0.9327267714364489,0.9304393665054663,0.9302285067045157,0.8604697615106716,20167,1571,1464,20298,0.9647190781758167,0.9342822578613231,0.975415921893177
4,231701,hybrid,0.9851494252873563,0.9768313612139825,0.9938884293723004,0.9852860787172012,0.985144601106244,0.9704466815191266,21225,513,133,21629,0.9984614840078292,0.9984662831255336,0.9984632383527903
6,231701,xgboost,0.9858390804597701,0.9788930156717094,0.9931072511717673,0.9859489051094891,0.9858350682209007,0.9717804961269871,21272,466,150,21612,0.9992533077394135,0.9992313061959772,0.9992700302413875
6,231701,rf,0.9856781609195402,0.9798864926220204,0.9917287014061208,0.9857720327951218,0.9856748208475079,0.97142714439256,21295,443,180,21582,0.99926637789797,0.9992520487862959,0.9993013668297005
6,231701,mlp,0.9917471264367816,0.9915935504616656,0.9919125080415403,0.9917530036066252,0.9917470351413884,0.9834942958537656,21555,183,176,21586,0.9983046864967628,0.9974005369638923,0.9986178501490511
6,231701,hybrid,0.9857471264367816,0.9790628115653041,0.9927396379009282,0.9858537920963767,0.9857432663697299,0.9715889338078557,21276,462,158,21604,0.999228606978823,0.9991009821609724,0.9992981340262916
8,231701,xgboost,0.985448275862069,0.9792243139033795,0.9919584597003952,0.9855502545255325,0.9854446820537122,0.9709785314850197,21280,458,175,21587,0.9992352551510143,0.9992068209140771,0.9992602230885697
8,231701,rf,0.9860689655172413,0.98046875,0.9919125080415403,0.9861574306729407,0.9860657397140262,0.9722040405109361,21308,430,176,21586,0.99915318774593,0.9991093337010942,0.9992220258849162
8,231701,mlp,0.984183908045977,0.9762270631835849,0.9925558312655087,0.984323733138899,0.9841792865040397,0.968503156324313,21212,526,162,21600,0.9987612711251115,0.9982771142770138,0.9989039496594836
8,231701,hybrid,0.9855402298850575,0.9794890411580524,0.9918665563826854,0.9856389415283454,0.9855367375712305,0.9711578793714576,21286,452,177,21585,0.9992021242121408,0.9990712201406161,0.9992716815033088
4,257053,xgboost,0.9848505747126437,0.977637952107193,0.992417976288944,0.98497252183431,0.9848463972897475,0.9698118464873219,21244,494,165,21597,0.9991997630012226,0.9991958775123753,0.9991815294135331
4,257053,rf,0.9836091954022989,0.9759417537195315,0.9916827497472659,0.9837492877492877,0.9836047385685451,0.967344063538684,21206,532,181,21581,0.9989938017811757,0.9989955739770902,0.9990122701470993
4,257053,mlp,0.9266436781609195,0.9181339217363894,0.9369083723922433,0.9274261411448975,0.9266380117550508,0.8534643093847859,19920,1818,1373,20389,0.9848902530304061,0.9841837695203011,0.9860655747425734
4,257053,hybrid,0.9849885057471265,0.9764796171730395,0.9939343810311553,0.9851296882472161,0.9849835673671739,0.9701318822680276,21217,521,132,21630,0.9982013956739353,0.9982096700449538,0.9982355628862596
6,257053,xgboost,0.9858390804597701,0.9788930156717094,0.9931072511717673,0.9859489051094891,0.9858350682209007,0.9717804961269871,21272,466,150,21612,0.9992533077394135,0.9992313061959772,0.9992700302413875
6,257053,rf,0.985816091954023,0.9800662943286564,0.9918206047238305,0.9859084161242435,0.9858127772906116,0.9717019534855866,21299,439,178,21584,0.9992434253212911,0.999230453206934,0.9992798837265302
6,257053,mlp,0.9839080459770115,0.9748399314636126,0.9934748644426064,0.9840691852526172,0.9839027648185983,0.967992818422242,21180,558,142,21620,0.9986320038113539,0.9978907275428571,0.9987707954351761
6,257053,hybrid,0.9857471264367816,0.9789325842696629,0.9928774928774928,0.9858557284299858,0.9857431902698257,0.9715927134716993,21273,465,155,21607,0.9991166767029758,0.9990331570933657,0.9991949348118373
8,257053,xgboost,0.985448275862069,0.9792243139033795,0.9919584597003952,0.9855502545255325,0.9854446820537122,0.9709785314850197,21280,458,175,21587,0.9992352551510143,0.9992068209140771,0.9992602230885697
8,257053,rf,0.9860689655172413,0.98046875,0.9919125080415403,0.9861574306729407,0.9860657397140262,0.9722040405109361,21308,430,176,21586,0.9990960356608887,0.9990526973017633,0.9991711415867123
8,257053,mlp,0.9823218390804598,0.9728792179123305,0.9923260729712342,0.9825064264428217,0.9823163164561756,0.9648362681864412,21136,602,167,21595,0.9979290711096023,0.9972739437942193,0.9978656850541014
8,257053,hybrid,0.985632183908046,0.9794927634862302,0.992050363018105,0.9857315708969705,0.9856286408889403,0.971344076025975,21286,452,173,21589,0.9989924647481356,0.9988123617228212,0.9990982682096027
4,282427,xgboost,0.9848505747126437,0.977637952107193,0.992417976288944,0.98497252183431,0.9848463972897475,0.9698118464873219,21244,494,165,21597,0.9991997630012226,0.9991958775123753,0.9991815294135331
4,282427,rf,0.9834022988505747,0.9761042722664736,0.9910853781821524,0.9835377810205663,0.983398057570237,0.9669183227765205,21210,528,194,21568,0.9989864359446092,0.9989878402204247,0.9989981780298907
4,282427,mlp,0.9189195402298851,0.9104578400036015,0.9293263486811874,0.9197953382603752,0.9189137953728874,0.8380173591720337,19749,1989,1538,20224,0.9627468424056975,0.935480856725445,0.9736283838536336
4,282427,hybrid,0.9848735632183908,0.9768187980117488,0.9933370094660418,0.9850086576141438,0.9848688911531147,0.9698856724243273,21225,513,145,21617,0.9980356881324117,0.997998513500314,0.9980760760261326
6,282427,xgboost,0.9858390804597701,0.9788930156717094,0.9931072511717673,0.9859489051094891,0.9858350682209007,0.9717804961269871,21272,466,150,21612,0.9992533077394135,0.9992313061959772,0.9992700302413875
6,282427,rf,0.9857471264367816,0.980063578564941,0.9916827497472659,0.9858389292403271,0.9857438498023292,0.9715624146102256,21299,439,181,21581,0.9992965250864307,0.9992763671454752,0.999333751656921
6,282427,mlp,0.9744827586206897,0.9730187814933577,0.9760591857366051,0.9745366122224262,0.9744818883876696,0.9489700516101419,21149,589,521,21241,0.9938588645594958,0.9901468059171887,0.9955977836864454
6,282427,hybrid,0.9857241379310345,0.9795835034708044,0.9921422663358147,0.9858228888432299,0.9857205949399195,0.9715280005624722,21288,450,171,21591,0.998427959886117,0.998171448123407,0.9986729933478443
8,282427,xgboost,0.985448275862069,0.9792243139033795,0.9919584597003952,0.9855502545255325,0.9854446820537122,0.9709785314850197,21280,458,175,21587,0.9992352551510143,0.9992068209140771,0.9992602230885697
8,282427,rf,0.9860459770114942,0.9804242176499978,0.9919125080415403,0.9861349048630622,0.986042738517964,0.9721585824332497,21307,431,176,21586,0.9992270670127048,0.9992122649737812,0.9992597647912241
8,282427,mlp,0.9726666666666667,0.9702829973026105,0.9752320558772172,0.9727512318093273,0.9726652504981816,0.9453454737731328,21088,650,539,21223,0.9921275283210232,0.9900319019881748,0.9940358849206506
8,282427,hybrid,0.9854942528735632,0.9794871794871794,0.9917746530649757,0.985592620499121,0.9854907859123756,0.9710647937061174,21286,452,179,21583,0.9982061540318377,0.9979368100587254,0.998488179700484
4,307759,xgboost,0.9851278043398308,0.9766490237068007,0.9944746376811594,0.985481228822117,0.9849847049496163,0.9704072579351302,20899,525,122,21958,0.999245019342049,0.999259262303517,0.9992159819289096
4,307759,rf,0.9860932328061788,0.9756789084304257,0.9974637681159421,0.9864510783150068,0.9859191506748493,0.9724207016527961,20875,549,56,22024,0.9991644028081063,0.9991785318138242,0.9991563150987293
4,307759,mlp,0.941752482530342,0.9239177583065845,0.9646739130434783,0.9438560730269863,0.9414015569698347,0.8842882822043188,19670,1754,780,21300,0.9882142326836489,0.9891481165032783,0.987601121975628
4,307759,hybrid,0.9863460831187937,0.9754381306425917,0.9982336956521739,0.9867042707493956,0.9861640845699257,0.9729502935083846,20869,555,39,22041,0.9991851969482958,0.999247840812275,0.9989275127532271
6,307759,xgboost,0.9880011033468187,0.977665514490827,0.9991847826086957,0.9883080231151727,0.987829881969023,0.9762326305513555,20920,504,18,22062,0.9994942276997354,0.9995038777522518,0.999451144674721
6,307759,rf,0.9880240897388746,0.9785996536873418,0.9982336956521739,0.9883191713561869,0.9878677813585739,0.9762380664821008,20942,482,39,22041,0.9994373447917682,0.9994527234856805,0.9994314624883861
6,307759,mlp,0.9799558661272527,0.9631376659678547,0.998731884057971,0.9806118818925649,0.979668406554751,0.960557115583651,20580,844,28,22052,0.9985654865429263,0.9989289929967887,0.9976562255858998
6,307759,hybrid,0.9882079808753218,0.9782251984566943,0.9990036231884057,0.9885052320240203,0.9880427003171304,0.9766302131158255,20933,491,22,22058,0.9995925139150458,0.9996106962791892,0.9994035821831956
8,307759,xgboost,0.9874264435454211,0.9765414066303723,0.9992300724637682,0.9877554675083384,0.9872457307800544,0.9751097533241797,20894,530,17,22063,0.9995382872198726,0.9995263665630627,0.9995196613122388
8,307759,rf,0.9880930489150423,0.9781355330849743,0.9988677536231884,0.9883929371694901,0.9879280889101751,0.9763992164798294,20931,493,25,22055,0.9996752549964282,0.9996827570967504,0.9996698593295877
8,307759,mlp,0.9847370356748805,0.9718843645337564,0.9988224637681159,0.985169302242473,0.9845213887175157,0.9698386045665878,20786,638,26,22054,0.9988854264755226,0.9989917985274985,0.9987382993206051
8,307759,hybrid,0.9876563074659801,0.9772274157104249,0.9989583333333333,0.9879733936529977,0.9874832742096091,0.9755474372116578,20910,514,23,22057,0.9996676404492861,0.9995806754575581,0.9996577657159609
4,333019,xgboost,0.9848739878082067,0.9758534931042279,0.9939664701547531,0.9848267049992014,0.9849843136321133,0.9699132097293313,21718,534,131,21581,0.9992505858978371,0.9993165853313845,0.9991405771656156
4,333019,rf,0.9818942771358384,0.9747593971309243,0.9889462048636699,0.9818015546410608,0.9819798433989391,0.9638890798599363,21696,556,240,21472,0.9990923279929066,0.9991549311172925,0.9990318595871567
4,333019,mlp,0.9384041488490583,0.9305391934753059,0.945882461311717,0.9381480973916221,0.938494888754007,0.8769306477442027,20719,1533,1175,20537,0.9880243204853469,0.9893393160967564,0.9867680732979817
4,333019,hybrid,0.9847375125102357,0.9751162895723253,0.994473102431835,0.9846995781552844,0.9848556416347563,0.969664140437445,21701,551,120,21592,0.9991727909398753,0.9992866490265602,0.9988865465231113
6,333019,xgboost,0.9883541079064689,0.9785553047404063,0.9982958732498157,0.988327025671424,0.9884747387101137,0.9769043108210566,21777,475,37,21675,0.9996418136791395,0.9996768356915602,0.9995610700452816
6,333019,rf,0.9883768537894642,0.9787291694892291,0.9981577008106116,0.9883479648842778,0.9884955320518993,0.9769435673627985,21781,471,40,21672,0.999411343102012,0.9994576473240877,0.9993745913598776
6,333019,mlp,0.9855108725320717,0.9722583247434231,0.9991709653647752,0.9855309483248155,0.9856766205576348,0.9713900970423854,21633,619,18,21694,0.9985915129253699,0.9989762247366009,0.9975026674179439
6,333019,hybrid,0.9886270585024111,0.9787397309740905,0.9986643330876934,0.9886016504810103,0.9887488481904403,0.9774538800498767,21781,471,29,21683,0.9996424356579575,0.9996468894250079,0.9995355001945537
8,333019,xgboost,0.9880356655445365,0.977205153617443,0.9990788504053059,0.9880209519471647,0.9881696606871038,0.9763128049938737,21746,506,20,21692,0.9996816917320475,0.999677651120169,0.9995721011433056
8,333019,rf,0.9883995996724593,0.9780824388923965,0.998894620486367,0.9883789819076698,0.988526943534573,0.9770174509659123,21766,486,24,21688,0.9996361527404788,0.9996610783354157,0.9996118413520932
8,333019,mlp,0.9949504139750706,0.9908634079488351,0.9989867354458364,0.9949084904362185,0.9949993896535312,0.9899327676072874,22052,200,22,21690,0.9979402162404883,0.9984899463314905,0.9971899287494789
8,333019,hybrid,0.9881721408425075,0.9775554353704705,0.9989867354458364,0.9881548974943052,0.9883033623301445,0.9765759362530614,21754,498,22,21690,0.9997494387826135,0.999724913540577,0.9997262595845123
