feature_set,model,metric,n_seeds,mean,sd,ci95_method,ci95_low_raw,ci95_high_raw,ci95_low,ci95_high,ci95_display_constrained_to_0_1,manuscript_value
4,hybrid,accuracy,10,0.9849866640020772,0.0005215429559965372,"two-sided mean t interval, df=n-1",0.9846135746467355,0.985359753357419,0.9846135746467355,0.985359753357419,False,0.9850 ± 0.0005 (95% CI 0.9846–0.9854)
4,hybrid,precision,10,0.9762652814097871,0.0006855935528925139,"two-sided mean t interval, df=n-1",0.9757748373270243,0.9767557254925499,0.9757748373270243,0.9767557254925499,False,0.9763 ± 0.0007 (95% CI 0.9758–0.9768)
4,hybrid,recall,10,0.9942058892181018,0.0014792474914004194,"two-sided mean t interval, df=n-1",0.9931476993094626,0.9952640791267411,0.9931476993094626,0.9952640791267411,False,0.9942 ± 0.0015 (95% CI 0.9931–0.9953)
4,hybrid,f1,10,0.9851530247806473,0.0005750768843640576,"two-sided mean t interval, df=n-1",0.9847416395599432,0.9855644100013513,0.9847416395599432,0.9855644100013513,False,0.9852 ± 0.0006 (95% CI 0.9847–0.9856)
4,hybrid,roc_auc,10,0.9984708712786619,0.0005127360138589807,"two-sided mean t interval, df=n-1",0.9981040820301988,0.9988376605271249,0.9981040820301988,0.9988376605271249,False,0.9985 ± 0.0005 (95% CI 0.9981–0.9988)
4,hybrid,pr_auc_benign,10,0.9984914583870805,0.0005418494207114214,"two-sided mean t interval, df=n-1",0.9981038426619688,0.9988790741121922,0.9981038426619688,0.9988790741121922,False,0.9985 ± 0.0005 (95% CI 0.9981–0.9989)
4,hybrid,pr_auc_ddos,10,0.9984046857957631,0.0003914362095657899,"two-sided mean t interval, df=n-1",0.9981246691999963,0.99868470239153,0.9981246691999963,0.99868470239153,False,0.9984 ± 0.0004 (95% CI 0.9981–0.9987)
4,hybrid,balanced_accuracy,10,0.9849617024544361,0.0004881338380210086,"two-sided mean t interval, df=n-1",0.9846125125423613,0.985310892366511,0.9846125125423613,0.985310892366511,False,0.9850 ± 0.0005 (95% CI 0.9846–0.9853)
4,hybrid,mcc,10,0.9701369071679157,0.0010707849495249892,"two-sided mean t interval, df=n-1",0.9693709137594446,0.9709029005763867,0.9693709137594446,0.9709029005763867,False,0.9701 ± 0.0011 (95% CI 0.9694–0.9709)
4,mlp,accuracy,10,0.9273496202215533,0.008354191506739527,"two-sided mean t interval, df=n-1",0.921373391633258,0.9333258488098486,0.921373391633258,0.9333258488098486,False,0.9273 ± 0.0084 (95% CI 0.9214–0.9333)
4,mlp,precision,10,0.9213757433457426,0.008438334154654586,"two-sided mean t interval, df=n-1",0.9153393227331731,0.927412163958312,0.9153393227331731,0.927412163958312,False,0.9214 ± 0.0084 (95% CI 0.9153–0.9274)
4,mlp,recall,10,0.9347876625950517,0.01244351963201336,"two-sided mean t interval, df=n-1",0.9258861048914895,0.943689220298614,0.9258861048914895,0.943689220298614,False,0.9348 ± 0.0124 (95% CI 0.9259–0.9437)
4,mlp,f1,10,0.9279961725808663,0.008532833757370612,"two-sided mean t interval, df=n-1",0.9218921510248808,0.9341001941368519,0.9218921510248808,0.9341001941368519,False,0.9280 ± 0.0085 (95% CI 0.9219–0.9341)
4,mlp,roc_auc,10,0.9752714155544762,0.01289135859070094,"two-sided mean t interval, df=n-1",0.9660494931590461,0.9844933379499062,0.9660494931590461,0.9844933379499062,False,0.9753 ± 0.0129 (95% CI 0.9660–0.9845)
4,mlp,pr_auc_benign,10,0.959046730880661,0.033682569192086516,"two-sided mean t interval, df=n-1",0.9349516723976717,0.9831417893636502,0.9349516723976717,0.9831417893636502,False,0.9590 ± 0.0337 (95% CI 0.9350–0.9831)
4,mlp,pr_auc_ddos,10,0.9807702170119115,0.006547172404757125,"two-sided mean t interval, df=n-1",0.9760866520174721,0.9854537820063508,0.9760866520174721,0.9854537820063508,False,0.9808 ± 0.0065 (95% CI 0.9761–0.9855)
4,mlp,balanced_accuracy,10,0.9273229951960736,0.008303909556017836,"two-sided mean t interval, df=n-1",0.9213827361484737,0.9332632542436736,0.9213827361484737,0.9332632542436736,False,0.9273 ± 0.0083 (95% CI 0.9214–0.9333)
4,mlp,mcc,10,0.8548527096138843,0.016831979357699454,"two-sided mean t interval, df=n-1",0.8428118369389008,0.8668935822888677,0.8428118369389008,0.8668935822888677,False,0.8549 ± 0.0168 (95% CI 0.8428–0.8669)
4,rf,accuracy,10,0.9836218876697036,0.0010218764695627003,"two-sided mean t interval, df=n-1",0.9828908812801349,0.9843528940592723,0.9828908812801349,0.9843528940592723,False,0.9836 ± 0.0010 (95% CI 0.9829–0.9844)
4,rf,precision,10,0.9758854432438163,0.000452855649763928,"two-sided mean t interval, df=n-1",0.9755614898273418,0.9762093966602908,0.9755614898273418,0.9762093966602908,False,0.9759 ± 0.0005 (95% CI 0.9756–0.9762)
4,rf,recall,10,0.9918088547119617,0.002230707543922087,"two-sided mean t interval, df=n-1",0.9902131026651767,0.9934046067587466,0.9902131026651767,0.9934046067587466,False,0.9918 ± 0.0022 (95% CI 0.9902–0.9934)
4,rf,f1,10,0.9837815850080913,0.0011339546653376608,"two-sided mean t interval, df=n-1",0.9829704027071643,0.9845927673090183,0.9829704027071643,0.9845927673090183,False,0.9838 ± 0.0011 (95% CI 0.9830–0.9846)
4,rf,roc_auc,10,0.9990209057483375,8.28877483411085e-05,"two-sided mean t interval, df=n-1",0.9989616114251398,0.9990802000715351,0.9989616114251398,0.9990802000715351,False,0.9990 ± 0.0001 (95% CI 0.9990–0.9991)
4,rf,pr_auc_benign,10,0.9990336376428355,8.887024798172631e-05,"two-sided mean t interval, df=n-1",0.9989700636972049,0.9990972115884661,0.9989700636972049,0.9990972115884661,False,0.9990 ± 0.0001 (95% CI 0.9990–0.9991)
4,rf,pr_auc_ddos,10,0.9990208901327542,8.00779026813e-05,"two-sided mean t interval, df=n-1",0.998963605852054,0.9990781744134544,0.998963605852054,0.9990781744134544,False,0.9990 ± 0.0001 (95% CI 0.9990–0.9991)
4,rf,balanced_accuracy,10,0.9835959129506919,0.0009560731554288689,"two-sided mean t interval, df=n-1",0.9829119794163258,0.9842798464850581,0.9829119794163258,0.9842798464850581,False,0.9836 ± 0.0010 (95% CI 0.9829–0.9843)
4,rf,mcc,10,0.9673727297046465,0.0020797256615980543,"two-sided mean t interval, df=n-1",0.9658849835900611,0.9688604758192318,0.9658849835900611,0.9688604758192318,False,0.9674 ± 0.0021 (95% CI 0.9659–0.9689)
4,xgboost,accuracy,10,0.9849083619476374,0.00011588646749793585,"two-sided mean t interval, df=n-1",0.9848254617628022,0.9849912621324727,0.9848254617628022,0.9849912621324727,False,0.9849 ± 0.0001 (95% CI 0.9848–0.9850)
4,xgboost,precision,10,0.9772617205268179,0.0006433204381050322,"two-sided mean t interval, df=n-1",0.976801516808656,0.9777219242449798,0.976801516808656,0.9777219242449798,False,0.9773 ± 0.0006 (95% CI 0.9768–0.9777)
4,xgboost,recall,10,0.992984157953968,0.0009220706552111569,"two-sided mean t interval, df=n-1",0.9923245483429535,0.9936437675649825,0.9923245483429535,0.9936437675649825,False,0.9930 ± 0.0009 (95% CI 0.9923–0.9936)
4,xgboost,f1,10,0.9850596815483608,0.00022677938147375724,"two-sided mean t interval, df=n-1",0.9848974533516878,0.9852219097450338,0.9848974533516878,0.9852219097450338,False,0.9851 ± 0.0002 (95% CI 0.9849–0.9852)
4,xgboost,roc_auc,10,0.9992138965590491,2.2807564587883888e-05,"two-sided mean t interval, df=n-1",0.9991975810102124,0.9992302121078859,0.9991975810102124,0.9992302121078859,False,0.9992 ± 0.0000 (95% CI 0.9992–0.9992)
4,xgboost,pr_auc_benign,10,0.9992206252525042,4.27929571711986e-05,"two-sided mean t interval, df=n-1",0.9991900130150642,0.9992512374899443,0.9991900130150642,0.9992512374899443,False,0.9992 ± 0.0000 (95% CI 0.9992–0.9993)
4,xgboost,pr_auc_ddos,10,0.9991843246918167,2.10103213635741e-05,"two-sided mean t interval, df=n-1",0.9991692948133323,0.9991993545703012,0.9991692948133323,0.9991993545703012,False,0.9992 ± 0.0000 (95% CI 0.9992–0.9992)
4,xgboost,balanced_accuracy,10,0.984887850455958,6.674602373479977e-05,"two-sided mean t interval, df=n-1",0.984840103226932,0.9849355976849838,0.984840103226932,0.9849355976849838,False,0.9849 ± 0.0001 (95% CI 0.9848–0.9849)
4,xgboost,mcc,10,0.9699410651010846,0.00024772959939899943,"two-sided mean t interval, df=n-1",0.9697638500213368,0.9701182801808323,0.9697638500213368,0.9701182801808323,False,0.9699 ± 0.0002 (95% CI 0.9698–0.9701)
6,hybrid,accuracy,10,0.9865663718362991,0.0012194059838206714,"two-sided mean t interval, df=n-1",0.9856940613445695,0.9874386823280288,0.9856940613445695,0.9874386823280288,False,0.9866 ± 0.0012 (95% CI 0.9857–0.9874)
6,hybrid,precision,10,0.978973629889507,0.0005084962838342835,"two-sided mean t interval, df=n-1",0.9786098735611967,0.9793373862178173,0.9786098735611967,0.9793373862178173,False,0.9790 ± 0.0005 (95% CI 0.9786–0.9793)
6,hybrid,recall,10,0.9945481431500165,0.0030061911329249125,"two-sided mean t interval, df=n-1",0.9923976435623577,0.9966986427376753,0.9923976435623577,0.9966986427376753,False,0.9945 ± 0.0030 (95% CI 0.9924–0.9967)
6,hybrid,f1,10,0.986696730829801,0.0012549111421752686,"two-sided mean t interval, df=n-1",0.9857990214778443,0.9875944401817578,0.9857990214778443,0.9875944401817578,False,0.9867 ± 0.0013 (95% CI 0.9858–0.9876)
6,hybrid,roc_auc,10,0.9991456518025865,0.00045048952581176147,"two-sided mean t interval, df=n-1",0.9988233910092217,0.9994679125959514,0.9988233910092217,0.9994679125959514,False,0.9991 ± 0.0005 (95% CI 0.9988–0.9995)
6,hybrid,pr_auc_benign,10,0.9990531305567611,0.0005385190467117136,"two-sided mean t interval, df=n-1",0.9986678972376897,0.9994383638758326,0.9986678972376897,0.9994383638758326,False,0.9991 ± 0.0005 (95% CI 0.9987–0.9994)
6,hybrid,pr_auc_ddos,10,0.9991835471992199,0.0003272613123201299,"two-sided mean t interval, df=n-1",0.9989494385593889,0.9994176558390508,0.9989494385593889,0.9994176558390508,False,0.9992 ± 0.0003 (95% CI 0.9989–0.9994)
6,hybrid,balanced_accuracy,10,0.9865426988214502,0.0011985862392394837,"two-sided mean t interval, df=n-1",0.9856852818777876,0.9874001157651128,0.9856852818777876,0.9874001157651128,False,0.9865 ± 0.0012 (95% CI 0.9857–0.9874)
6,hybrid,mcc,10,0.9732599982725688,0.002495418639032295,"two-sided mean t interval, df=n-1",0.971474883315805,0.9750451132293326,0.971474883315805,0.9750451132293326,False,0.9733 ± 0.0025 (95% CI 0.9715–0.9750)
6,mlp,accuracy,10,0.9825605927340085,0.005747161913096973,"two-sided mean t interval, df=n-1",0.9784493207696414,0.9866718646983756,0.9784493207696414,0.9866718646983756,False,0.9826 ± 0.0057 (95% CI 0.9784–0.9867)
6,mlp,precision,10,0.9749539465399619,0.006925881491403167,"two-sided mean t interval, df=n-1",0.9699994693850298,0.9799084236948941,0.9699994693850298,0.9799084236948941,False,0.9750 ± 0.0069 (95% CI 0.9700–0.9799)
6,mlp,recall,10,0.990702833690991,0.010021307069802275,"two-sided mean t interval, df=n-1",0.9835340224715782,0.9978716449104038,0.9835340224715782,0.9978716449104038,False,0.9907 ± 0.0100 (95% CI 0.9835–0.9979)
6,mlp,f1,10,0.9827280512401215,0.005766936482902995,"two-sided mean t interval, df=n-1",0.9786026334006808,0.9868534690795623,0.9786026334006808,0.9868534690795623,False,0.9827 ± 0.0058 (95% CI 0.9786–0.9869)
6,mlp,roc_auc,10,0.996581109431645,0.004667865337508091,"two-sided mean t interval, df=n-1",0.993241919726235,0.999920299137055,0.993241919726235,0.999920299137055,False,0.9966 ± 0.0047 (95% CI 0.9932–0.9999)
6,mlp,pr_auc_benign,10,0.9943516301214916,0.009646894776014636,"two-sided mean t interval, df=n-1",0.9874506573221268,1.0012526029208566,0.9874506573221268,1.0,True,0.9944 ± 0.0096 (95% CI 0.9875–1.0000)
6,mlp,pr_auc_ddos,10,0.9971909487982138,0.0025886568005157435,"two-sided mean t interval, df=n-1",0.9953391352787312,0.9990427623176964,0.9953391352787312,0.9990427623176964,False,0.9972 ± 0.0026 (95% CI 0.9953–0.9990)
6,mlp,balanced_accuracy,10,0.9825273377873508,0.005757809743279117,"two-sided mean t interval, df=n-1",0.9784084488241291,0.9866462267505725,0.9784084488241291,0.9866462267505725,False,0.9825 ± 0.0058 (95% CI 0.9784–0.9866)
6,mlp,mcc,10,0.9653215312140185,0.011518125121722596,"two-sided mean t interval, df=n-1",0.9570819608641565,0.9735611015638805,0.9570819608641565,0.9735611015638805,False,0.9653 ± 0.0115 (95% CI 0.9571–0.9736)
6,rf,accuracy,10,0.9864861812762719,0.001153513391151163,"two-sided mean t interval, df=n-1",0.9856610075057618,0.9873113550467819,0.9856610075057618,0.9873113550467819,False,0.9865 ± 0.0012 (95% CI 0.9857–0.9873)
6,rf,precision,10,0.9796123571627582,0.0007097856312783658,"two-sided mean t interval, df=n-1",0.9791046071096519,0.9801201072158645,0.9791046071096519,0.9801201072158645,False,0.9796 ± 0.0007 (95% CI 0.9791–0.9801)
6,rf,recall,10,0.9937090968013514,0.0031475128962562366,"two-sided mean t interval, df=n-1",0.9914575017143272,0.9959606918883757,0.9914575017143272,0.9959606918883757,False,0.9937 ± 0.0031 (95% CI 0.9915–0.9960)
6,rf,f1,10,0.9866070328420321,0.0011956413253915153,"two-sided mean t interval, df=n-1",0.9857517225628283,0.9874623431212359,0.9857517225628283,0.9874623431212359,False,0.9866 ± 0.0012 (95% CI 0.9858–0.9875)
6,rf,roc_auc,10,0.999306126276062,8.214538966634716e-05,"two-sided mean t interval, df=n-1",0.9992473630042691,0.9993648895478549,0.9992473630042691,0.9993648895478549,False,0.9993 ± 0.0001 (95% CI 0.9992–0.9994)
6,rf,pr_auc_benign,10,0.9993040158544184,0.00010026522003577225,"two-sided mean t interval, df=n-1",0.9992322904368354,0.9993757412720015,0.9992322904368354,0.9993757412720015,False,0.9993 ± 0.0001 (95% CI 0.9992–0.9994)
6,rf,pr_auc_ddos,10,0.9993259411142781,6.0388015675090436e-05,"two-sided mean t interval, df=n-1",0.9992827421302259,0.9993691400983302,0.9992827421302259,0.9993691400983302,False,0.9993 ± 0.0001 (95% CI 0.9993–0.9994)
6,rf,balanced_accuracy,10,0.9864642338694493,0.0011323403928807031,"two-sided mean t interval, df=n-1",0.9856542063494725,0.987274261389426,0.9856542063494725,0.987274261389426,False,0.9865 ± 0.0011 (95% CI 0.9857–0.9873)
6,rf,mcc,10,0.9730784295480532,0.0023659241785410163,"two-sided mean t interval, df=n-1",0.9713859493478891,0.9747709097482173,0.9713859493478891,0.9747709097482173,False,0.9731 ± 0.0024 (95% CI 0.9714–0.9748)
6,xgboost,accuracy,10,0.9865229877818494,0.001105378604518868,"two-sided mean t interval, df=n-1",0.9857322475633751,0.9873137280003238,0.9857322475633751,0.9873137280003238,False,0.9865 ± 0.0011 (95% CI 0.9857–0.9873)
6,xgboost,precision,10,0.9786137443424027,0.0005107339182794045,"two-sided mean t interval, df=n-1",0.978248387306839,0.9789791013779663,0.978248387306839,0.9789791013779663,False,0.9786 ± 0.0005 (95% CI 0.9782–0.9790)
6,xgboost,recall,10,0.9948416196669578,0.0028030585483920156,"two-sided mean t interval, df=n-1",0.992836432376476,0.9968468069574397,0.992836432376476,0.9968468069574397,False,0.9948 ± 0.0028 (95% CI 0.9928–0.9968)
6,xgboost,f1,10,0.9866585407668194,0.0011426336671155936,"two-sided mean t interval, df=n-1",0.9858411498820334,0.9874759316516053,0.9858411498820334,0.9874759316516053,False,0.9867 ± 0.0011 (95% CI 0.9858–0.9875)
6,xgboost,roc_auc,10,0.9993403423254505,0.00014578200167034041,"two-sided mean t interval, df=n-1",0.9992360561637869,0.9994446284871142,0.9992360561637869,0.9994446284871142,False,0.9993 ± 0.0001 (95% CI 0.9992–0.9994)
6,xgboost,pr_auc_benign,10,0.9993303734567904,0.0001663142328258213,"two-sided mean t interval, df=n-1",0.9992113994217743,0.9994493474918066,0.9992113994217743,0.9994493474918066,False,0.9993 ± 0.0002 (95% CI 0.9992–0.9994)
6,xgboost,pr_auc_ddos,10,0.9993353571084436,0.00010935825314603227,"two-sided mean t interval, df=n-1",0.9992571269268288,0.9994135872900584,0.9992571269268288,0.9994135872900584,False,0.9993 ± 0.0001 (95% CI 0.9993–0.9994)
6,xgboost,balanced_accuracy,10,0.9864979980194466,0.0010817508900449091,"two-sided mean t interval, df=n-1",0.985724160049694,0.9872718359891992,0.985724160049694,0.9872718359891992,False,0.9865 ± 0.0011 (95% CI 0.9857–0.9873)
6,xgboost,mcc,10,0.973183304481268,0.002266121652516991,"two-sided mean t interval, df=n-1",0.9715622187073303,0.9748043902552057,0.9715622187073303,0.9748043902552057,False,0.9732 ± 0.0023 (95% CI 0.9716–0.9748)
8,hybrid,accuracy,10,0.9862220404867905,0.0010822413626432046,"two-sided mean t interval, df=n-1",0.9854478516540774,0.9869962293195036,0.9854478516540774,0.9869962293195036,False,0.9862 ± 0.0011 (95% CI 0.9854–0.9870)
8,hybrid,precision,10,0.9788179959411071,0.0011151308515582915,"two-sided mean t interval, df=n-1",0.9780202793853642,0.97961571249685,0.9780202793853642,0.97961571249685,False,0.9788 ± 0.0011 (95% CI 0.9780–0.9796)
8,hybrid,recall,10,0.994015310342672,0.00341987529934833,"two-sided mean t interval, df=n-1",0.9915688789296642,0.9964617417556798,0.9915688789296642,0.9964617417556798,False,0.9940 ± 0.0034 (95% CI 0.9916–0.9965)
8,hybrid,f1,10,0.9863534913187681,0.0011244951705978586,"two-sided mean t interval, df=n-1",0.9855490759327304,0.9871579067048059,0.9855490759327304,0.9871579067048059,False,0.9864 ± 0.0011 (95% CI 0.9855–0.9872)
8,hybrid,roc_auc,10,0.999116961541797,0.0004855006805832035,"two-sided mean t interval, df=n-1",0.9987696552770797,0.9994642678065142,0.9987696552770797,0.9994642678065142,False,0.9991 ± 0.0005 (95% CI 0.9988–0.9995)
8,hybrid,pr_auc_benign,10,0.9989803077473491,0.0005609455372481434,"two-sided mean t interval, df=n-1",0.9985790314833953,0.999381584011303,0.9985790314833953,0.999381584011303,False,0.9990 ± 0.0006 (95% CI 0.9986–0.9994)
8,hybrid,pr_auc_ddos,10,0.9992101881692841,0.0003879026209166797,"two-sided mean t interval, df=n-1",0.9989326993505604,0.9994876769880078,0.9989326993505604,0.9994876769880078,False,0.9992 ± 0.0004 (95% CI 0.9989–0.9995)
8,hybrid,balanced_accuracy,10,0.9861978272960424,0.001065707089647722,"two-sided mean t interval, df=n-1",0.9854354663697023,0.9869601882223826,0.9854354663697023,0.9869601882223826,False,0.9862 ± 0.0011 (95% CI 0.9854–0.9870)
8,hybrid,mcc,10,0.9725693019754967,0.0022397723969974893,"two-sided mean t interval, df=n-1",0.9709670653234626,0.9741715386275309,0.9709670653234626,0.9741715386275309,False,0.9726 ± 0.0022 (95% CI 0.9710–0.9742)
8,mlp,accuracy,10,0.9835918277413708,0.005863698981420853,"two-sided mean t interval, df=n-1",0.9793971901803745,0.987786465302367,0.9793971901803745,0.987786465302367,False,0.9836 ± 0.0059 (95% CI 0.9794–0.9878)
8,mlp,precision,10,0.9752859059945198,0.006617334942232989,"two-sided mean t interval, df=n-1",0.9705521497443554,0.9800196622446842,0.9705521497443554,0.9800196622446842,False,0.9753 ± 0.0066 (95% CI 0.9706–0.9800)
8,mlp,recall,10,0.9924305075552045,0.006855164517866775,"two-sided mean t interval, df=n-1",0.9875266182756622,0.9973343968347467,0.9875266182756622,0.9973343968347467,False,0.9924 ± 0.0069 (95% CI 0.9875–0.9973)
8,mlp,f1,10,0.983773191357894,0.0058425512373410145,"two-sided mean t interval, df=n-1",0.9795936819816714,0.9879527007341166,0.9795936819816714,0.9879527007341166,False,0.9838 ± 0.0058 (95% CI 0.9796–0.9880)
8,mlp,roc_auc,10,0.9973913073669692,0.001960771680557029,"two-sided mean t interval, df=n-1",0.9959886558042164,0.9987939589297221,0.9959886558042164,0.9987939589297221,False,0.9974 ± 0.0020 (95% CI 0.9960–0.9988)
8,mlp,pr_auc_benign,10,0.9969209466338672,0.0025516616357904895,"two-sided mean t interval, df=n-1",0.995095597860959,0.9987462954067754,0.995095597860959,0.9987462954067754,False,0.9969 ± 0.0026 (95% CI 0.9951–0.9987)
8,mlp,pr_auc_ddos,10,0.9974291906554644,0.0016373198291888462,"two-sided mean t interval, df=n-1",0.9962579226083426,0.9986004587025863,0.9962579226083426,0.9986004587025863,False,0.9974 ± 0.0016 (95% CI 0.9963–0.9986)
8,mlp,balanced_accuracy,10,0.9835580235532209,0.00585526178942319,"two-sided mean t interval, df=n-1",0.9793694215957873,0.9877466255106544,0.9793694215957873,0.9877466255106544,False,0.9836 ± 0.0059 (95% CI 0.9794–0.9877)
8,mlp,mcc,10,0.967352819498881,0.011720708329953632,"two-sided mean t interval, df=n-1",0.9589683298519736,0.9757373091457884,0.9589683298519736,0.9757373091457884,False,0.9674 ± 0.0117 (95% CI 0.9590–0.9757)
8,rf,accuracy,10,0.9866930529316132,0.001030046042364808,"two-sided mean t interval, df=n-1",0.9859562023817217,0.9874299034815048,0.9859562023817217,0.9874299034815048,False,0.9867 ± 0.0010 (95% CI 0.9860–0.9874)
8,rf,precision,10,0.9797369873065168,0.001137629135030657,"two-sided mean t interval, df=n-1",0.978923176448319,0.9805507981647146,0.978923176448319,0.9805507981647146,False,0.9797 ± 0.0011 (95% CI 0.9789–0.9806)
8,rf,recall,10,0.9940017684023525,0.00336403672594657,"two-sided mean t interval, df=n-1",0.9915952814984482,0.9964082553062569,0.9915952814984482,0.9964082553062569,False,0.9940 ± 0.0034 (95% CI 0.9916–0.9964)
8,rf,f1,10,0.9868132474957821,0.0010767889208994285,"two-sided mean t interval, df=n-1",0.986042959104925,0.9875835358866393,0.986042959104925,0.9875835358866393,False,0.9868 ± 0.0011 (95% CI 0.9860–0.9876)
8,rf,roc_auc,10,0.9993128662217666,0.00024028906791537312,"two-sided mean t interval, df=n-1",0.9991409737775999,0.9994847586659333,0.9991409737775999,0.9994847586659333,False,0.9993 ± 0.0002 (95% CI 0.9991–0.9995)
8,rf,pr_auc_benign,10,0.9992949101330492,0.000264270085900312,"two-sided mean t interval, df=n-1",0.9991058627020543,0.9994839575640441,0.9991058627020543,0.9994839575640441,False,0.9993 ± 0.0003 (95% CI 0.9991–0.9995)
8,rf,pr_auc_ddos,10,0.9993484241648293,0.00020477596212441535,"two-sided mean t interval, df=n-1",0.9992019362661432,0.9994949120635154,0.9992019362661432,0.9994949120635154,False,0.9993 ± 0.0002 (95% CI 0.9992–0.9995)
8,rf,balanced_accuracy,10,0.9866704617944512,0.0010092771856473359,"two-sided mean t interval, df=n-1",0.9859484683896419,0.9873924551992604,0.9859484683896419,0.9873924551992604,False,0.9867 ± 0.0010 (95% CI 0.9859–0.9874)
8,rf,mcc,10,0.9734972223511503,0.0021319017973983542,"two-sided mean t interval, df=n-1",0.9719721516774925,0.9750222930248081,0.9719721516774925,0.9750222930248081,False,0.9735 ± 0.0021 (95% CI 0.9720–0.9750)
8,xgboost,accuracy,10,0.9861026483669862,0.0010666065808046029,"two-sided mean t interval, df=n-1",0.9853396439834351,0.9868656527505374,0.9853396439834351,0.9868656527505374,False,0.9861 ± 0.0011 (95% CI 0.9853–0.9869)
8,xgboost,precision,10,0.9784858164201846,0.0012027378861284618,"two-sided mean t interval, df=n-1",0.9776254295672488,0.9793462032731204,0.9776254295672488,0.9793462032731204,False,0.9785 ± 0.0012 (95% CI 0.9776–0.9793)
8,xgboost,recall,10,0.9941248213235608,0.003488416408124129,"two-sided mean t interval, df=n-1",0.9916293585550462,0.9966202840920755,0.9916293585550462,0.9966202840920755,False,0.9941 ± 0.0035 (95% CI 0.9916–0.9966)
8,xgboost,f1,10,0.9862383668642568,0.0011103196957676232,"two-sided mean t interval, df=n-1",0.9854440920020345,0.9870326417264791,0.9854440920020345,0.9870326417264791,False,0.9862 ± 0.0011 (95% CI 0.9854–0.9870)
8,xgboost,roc_auc,10,0.9993405052228894,0.0001739050552267235,"two-sided mean t interval, df=n-1",0.9992161010406467,0.9994649094051321,0.9992161010406467,0.9994649094051321,False,0.9993 ± 0.0002 (95% CI 0.9992–0.9995)
8,xgboost,pr_auc_benign,10,0.9993178130644835,0.00018339615651540424,"two-sided mean t interval, df=n-1",0.9991866193573885,0.9994490067715786,0.9991866193573885,0.9994490067715786,False,0.9993 ± 0.0002 (95% CI 0.9992–0.9994)
8,xgboost,pr_auc_ddos,10,0.999343298538777,0.00013452343891407978,"two-sided mean t interval, df=n-1",0.9992470662677325,0.9994395308098215,0.9992470662677325,0.9994395308098215,False,0.9993 ± 0.0001 (95% CI 0.9992–0.9994)
8,xgboost,balanced_accuracy,10,0.9860773896623198,0.001049331660410525,"two-sided mean t interval, df=n-1",0.985326743012373,0.9868280363122667,0.985326743012373,0.9868280363122667,False,0.9861 ± 0.0010 (95% CI 0.9853–0.9868)
8,xgboost,mcc,10,0.9723382032037371,0.0022136292424976963,"two-sided mean t interval, df=n-1",0.9707546682378186,0.9739217381696555,0.9707546682378186,0.9739217381696555,False,0.9723 ± 0.0022 (95% CI 0.9708–0.9739)
