seed,left_feature_set,left_model,right_feature_set,right_model,matched_observations,left_error_right_correct,left_correct_right_error,discordant,mcnemar_exact_p,paired_error_difference_left_minus_right,error_difference_ci95_low,error_difference_ci95_high,status,mcnemar_p_holm,significant_after_holm_0.05
104729,4,hybrid,4,mlp,43500,21,2998,3019,0.0,-0.0684367816091954,-0.07082751609793661,-0.0660460471204542,tested,0.0,True
104729,4,hybrid,4,rf,43500,31,90,121,7.480237585894541e-08,-0.0013563218390804598,-0.0018517957985857633,-0.0008608478795751563,tested,2.3787155523144643e-05,True
104729,4,hybrid,4,xgboost,43500,58,54,112,0.7769647513696718,9.195402298850575e-05,-0.0003848941297452481,0.0005688021757222596,tested,1.0,False
104729,4,hybrid,6,hybrid,43500,84,33,117,2.6732854862880627e-06,0.0011724137931034483,0.000685161675448378,0.0016596659107585188,tested,0.0008126787878315711,True
104729,4,hybrid,6,mlp,43500,79,93,172,0.3215739368880953,-0.0003218390804597701,-0.0009127613284386966,0.00026908316751915635,tested,1.0,False
104729,4,hybrid,6,rf,43500,90,43,133,5.632966571164188e-05,0.0010804597701149425,0.0005609249014939513,0.0015999946387359337,tested,0.015772306399259726,True
104729,4,hybrid,6,xgboost,43500,91,44,135,6.428380696888177e-05,0.0010804597701149425,0.0005570317191947922,0.0016038878210350928,tested,0.017742330723411366,True
104729,4,hybrid,8,hybrid,43500,86,52,138,0.0047862663560003784,0.0007816091954022989,0.00025234863855061126,0.0013108697522539866,tested,0.9285356730640734,False
104729,4,hybrid,8,mlp,43500,82,249,331,1.0307236357763105e-20,-0.003839080459770115,-0.00465804442805795,-0.0030201164914822804,tested,4.359960979333793e-18,True
104729,4,hybrid,8,rf,43500,97,41,138,2.087575969839337e-06,0.0012873563218390805,0.0007581830733500374,0.0018165295703281236,tested,0.000638798246770837,True
104729,4,hybrid,8,xgboost,43500,90,60,150,0.017597691928785734,0.000689655172413793,0.00013784782045423913,0.0012414625243733469,tested,1.0,False
104729,4,mlp,4,rf,43500,3029,111,3140,0.0,0.06708045977011494,0.06463556693344936,0.06952535260678051,tested,0.0,True
104729,4,mlp,4,xgboost,43500,3056,75,3131,0.0,0.06852873563218391,0.06609113762977815,0.07096633363458967,tested,0.0,True
104729,4,mlp,6,hybrid,43500,3056,28,3084,0.0,0.06960919540229885,0.06719397649188544,0.07202441431271225,tested,0.0,True
104729,4,mlp,6,mlp,43500,3011,48,3059,0.0,0.06811494252873564,0.06570647797297757,0.0705234070844937,tested,0.0,True
104729,4,mlp,6,rf,43500,3074,50,3124,0.0,0.06951724137931034,0.06708503638976147,0.07194944636885921,tested,0.0,True
104729,4,mlp,6,xgboost,43500,3062,38,3100,0.0,0.06951724137931034,0.06709507380173402,0.07193940895688666,tested,0.0,True
104729,4,mlp,8,hybrid,43500,3055,44,3099,0.0,0.0692183908045977,0.06679588648346667,0.07164089512572873,tested,0.0,True
104729,4,mlp,8,mlp,43500,2895,85,2980,0.0,0.06459770114942529,0.062214103514912175,0.0669812987839384,tested,0.0,True
104729,4,mlp,8,rf,43500,3079,46,3125,0.0,0.06972413793103448,0.0672920386084566,0.07215623725361235,tested,0.0,True
104729,4,mlp,8,xgboost,43500,3058,51,3109,0.0,0.0691264367816092,0.06669951426680801,0.07155335929641038,tested,0.0,True
104729,4,rf,4,xgboost,43500,148,85,233,4.4102334236869795e-05,0.0014482758620689654,0.0007606301856964991,0.002135921538441432,tested,0.012569165257507892,True
104729,4,rf,6,hybrid,43500,140,30,170,3.4403671393213482e-18,0.002528735632183908,0.0019417321590070769,0.003115739105360739,tested,1.4002294257037887e-15,True
104729,4,rf,6,mlp,43500,162,117,279,0.008316949955552476,0.0010344827586206897,0.00028192874989835335,0.001787036767343026,tested,1.0,False
104729,4,rf,6,rf,43500,126,20,146,5.407411042600246e-20,0.0024367816091954023,0.0018928256692385729,0.0029807375491522317,tested,2.2711126378921033e-17,True
104729,4,rf,6,xgboost,43500,147,41,188,3.2753761203740328e-15,0.0024367816091954023,0.001819402143281537,0.0030541610751092674,tested,1.2806720630662467e-12,True
104729,4,rf,8,hybrid,43500,129,36,165,1.724948754551347e-13,0.0021379310344827587,0.001559499508813073,0.0027163625601524443,tested,6.485807317113064e-11,True
104729,4,rf,8,mlp,43500,143,251,394,5.8456898405422406e-08,-0.0024827586206896553,-0.0033768297819768557,-0.001588687459402455,tested,1.8647750591329748e-05,True
104729,4,rf,8,rf,43500,132,17,149,3.072911309025749e-23,0.0026436781609195403,0.0020942367158033664,0.003193119606035714,tested,1.3428622420442522e-20,True
104729,4,rf,8,xgboost,43500,134,45,179,1.82016617045511e-11,0.002045977011494253,0.001443448903948254,0.0026485051190402523,tested,6.425186581706539e-09,True
104729,4,xgboost,6,hybrid,43500,97,50,147,0.0001313599483886928,0.0010804597701149425,0.0005342550528593259,0.0016266644873705592,tested,0.03362814678750536,True
104729,4,xgboost,6,mlp,43500,83,101,184,0.2099955388881721,-0.00041379310344827585,-0.0010249770347087192,0.00019739082781216753,tested,1.0,False
104729,4,xgboost,6,rf,43500,103,60,163,0.0009442928025158598,0.0009885057471264369,0.00041331886166307843,0.0015636926325897954,tested,0.208688709356005,False
104729,4,xgboost,6,xgboost,43500,97,54,151,0.0005846387710440832,0.0009885057471264369,0.00043490184129951965,0.001542109652953354,tested,0.13739011119535957,False
104729,4,xgboost,8,hybrid,43500,100,70,170,0.025844387581341555,0.000689655172413793,0.00010220662024349229,0.0012771037245840938,tested,1.0,False
104729,4,xgboost,8,mlp,43500,94,265,359,5.538469145029276e-20,-0.00393103448275862,-0.004783961858322919,-0.003078107107194322,tested,2.3206185717672666e-17,True
104729,4,xgboost,8,rf,43500,110,58,168,7.370834538660162e-05,0.0011954022988505746,0.0006114920653552658,0.0017793125323458834,tested,0.019753836563609236,True
104729,4,xgboost,8,xgboost,43500,99,73,172,0.05630366806880822,0.0005977011494252873,6.797857250903086e-06,0.0011886044415996715,tested,1.0,False
104729,6,hybrid,6,mlp,43500,29,94,123,3.3927095067658785e-09,-0.0014942528735632185,-0.00199377280862216,-0.0009947329385042766,tested,1.1229868467395057e-06,True
104729,6,hybrid,6,rf,43500,19,23,42,0.6439689563703723,-9.195402298850575e-05,-0.00038396188858343637,0.0002000538426064249,tested,1.0,False
104729,6,hybrid,6,xgboost,43500,10,14,24,0.5412561893463135,-9.195402298850575e-05,-0.00031269049613233467,0.00012878245015532315,tested,1.0,False
104729,6,hybrid,8,hybrid,43500,11,28,39,0.009475304279476404,-0.00039080459770114945,-0.000672167681647982,-0.00010944151375431686,tested,1.0,False
104729,6,hybrid,8,mlp,43500,12,230,242,1.9050561766612942e-53,-0.005011494252873563,-0.005710848089206822,-0.004312140416540305,tested,9.715786500972601e-51,True
104729,6,hybrid,8,rf,43500,28,23,51,0.5758493477318467,0.00011494252873563218,-0.00020683406304811011,0.0004367191205193745,tested,1.0,False
104729,6,hybrid,8,xgboost,43500,14,35,49,0.003801654409748778,-0.0004827586206896552,-0.0007981319150296184,-0.000167385326349692,tested,0.7489259187205093,False
104729,6,mlp,6,rf,43500,113,52,165,2.3282140481738744e-06,0.0014022988505747126,0.0008236685468265417,0.0019809291543228837,tested,0.0007101052846930317,True
104729,6,mlp,6,xgboost,43500,104,43,147,5.195289743459133e-07,0.0014022988505747126,0.0008561587353823109,0.0019484389657671143,tested,0.000161573511021579,True
104729,6,mlp,8,hybrid,43500,100,52,152,0.00012227884454768203,0.001103448275862069,0.000548032871614158,0.00165886368010998,tested,0.031425663048754285,True
104729,6,mlp,8,mlp,43500,49,202,251,3.0277093028902716e-23,-0.003517241379310345,-0.004230328526749152,-0.0028041542318715373,tested,1.3261366746659389e-20,True
104729,6,mlp,8,rf,43500,121,51,172,9.632521788429946e-08,0.0016091954022988506,0.0010184589474326949,0.002199931857165006,tested,3.053509406932293e-05,True
104729,6,mlp,8,xgboost,43500,103,59,162,0.0006813642297109502,0.0010114942528735632,0.00043807846099497944,0.001584910044752147,tested,0.15262558745525284,False
104729,6,rf,6,xgboost,43500,33,33,66,1.0,0.0,-0.0003660528344955314,0.0003660528344955314,tested,1.0,False
104729,6,rf,8,hybrid,43500,8,21,29,0.0241195447742939,-0.00029885057471264366,-0.0005414790185035029,-5.622213092178451e-05,tested,1.0,False
104729,6,rf,8,mlp,43500,31,245,276,1.8528731358128746e-42,-0.004919540229885057,-0.0056666707395270225,-0.004172409720243092,tested,9.264365679064374e-40,True
104729,6,rf,8,rf,43500,12,3,15,0.03515625,0.00020689655172413793,3.23985419541898e-05,0.00038139456149408605,tested,1.0,False
104729,6,rf,8,xgboost,43500,14,31,45,0.016094360031274842,-0.00039080459770114945,-0.0006930404647639166,-8.856873063838234e-05,tested,1.0,False
104729,6,xgboost,8,hybrid,43500,21,34,55,0.10478948242660333,-0.00029885057471264366,-0.0006329977635948067,3.529661416951937e-05,tested,1.0,False
104729,6,xgboost,8,mlp,43500,22,236,258,1.914810425295666e-46,-0.004919540229885057,-0.005641800567605835,-0.004197279892164279,tested,9.650644543490156e-44,True
104729,6,xgboost,8,rf,43500,38,29,67,0.3284320626971897,0.00020689655172413793,-0.0001619138597566506,0.0005757069632049265,tested,1.0,False
104729,6,xgboost,8,xgboost,43500,13,30,43,0.0137181850586785,-0.00039080459770114945,-0.0006862467655820155,-9.536242982028335e-05,tested,1.0,False
104729,8,hybrid,8,mlp,43500,23,224,247,1.4246899439585884e-42,-0.004620689655172414,-0.0053274989246495374,-0.00391388038569529,tested,7.137696619232528e-40,True
104729,8,hybrid,8,rf,43500,26,4,30,5.9476122260093696e-05,0.0005057471264367816,0.0002590001254124674,0.0007524941274610958,tested,0.016593838110566143,True
104729,8,hybrid,8,xgboost,43500,6,10,16,0.454498291015625,-9.195402298850575e-05,-0.00027218390804597696,8.827586206896548e-05,tested,1.0,False
104729,8,mlp,8,rf,43500,250,27,277,2.0235224039858206e-46,0.005126436781609196,0.004378071455902965,0.005874802107315426,tested,1.0178317692048678e-43,True
104729,8,mlp,8,xgboost,43500,230,33,263,1.6081565355880961e-37,0.004528735632183908,0.0037992582829075093,0.005258212981460307,tested,7.928211720449314e-35,True
104729,8,rf,8,xgboost,43500,10,36,46,0.00015641720852954677,-0.0005977011494252873,-0.0009032476757501827,-0.0002921546231003919,tested,0.03926071934091624,True
130363,4,hybrid,4,mlp,43504,435,2707,3142,0.0,-0.0522250827510114,-0.054702366187198134,-0.04974779931482466,tested,0.0,True
130363,4,hybrid,4,rf,43504,23,45,68,0.01033766119369546,-0.000505700625229864,-0.0008771937655037911,-0.0001342074849559369,tested,1.0,False
130363,4,hybrid,4,xgboost,43504,146,114,260,0.054328772949860875,0.000735564545788893,9.125988671327767e-06,0.0014620031029064582,tested,1.0,False
130363,4,hybrid,6,hybrid,43504,179,17,196,2.8121907999796446e-35,0.003723795513056271,0.003094013090537338,0.004353577935575203,tested,1.3807856827900057e-32,True
130363,4,hybrid,6,mlp,43504,571,487,1058,0.010684758271590192,0.001930856932695844,0.00046550677597144126,0.003396207089420247,tested,1.0,False
130363,4,hybrid,6,rf,43504,193,34,227,3.5857489595161527e-28,0.003654836336888562,0.002976901123799006,0.004332771549978118,tested,1.6530302703369465e-25,True
130363,4,hybrid,6,xgboost,43504,185,28,213,1.4329384795894114e-29,0.003608863552776756,0.0029521994417468144,0.004265527663806698,tested,6.72048146927434e-27,True
130363,4,hybrid,8,hybrid,43504,177,43,220,1.6841626418883794e-20,0.0030801765354909892,0.0024125471576133288,0.0037478059133686497,tested,7.090324722350077e-18,True
130363,4,hybrid,8,mlp,43504,579,346,925,1.74244841450729e-14,0.005355829349025377,0.003986494723555417,0.006725163974495336,tested,6.6910019117079935e-12,True
130363,4,hybrid,8,rf,43504,196,37,233,2.467676296158935e-27,0.003654836336888562,0.0029679773648166267,0.004341695308960497,tested,1.1203250384561564e-24,True
130363,4,hybrid,8,xgboost,43504,183,51,234,1.2052361187232738e-18,0.0030342037513791833,0.002345602491139027,0.0037228050116193396,tested,4.953520447952655e-16,True
130363,4,mlp,4,rf,43504,2730,480,3210,0.0,0.05171938212578154,0.04921346816596071,0.05422529608560237,tested,0.0,True
130363,4,mlp,4,xgboost,43504,2853,549,3402,0.0,0.05296064729680029,0.050380364052228316,0.05554093054137227,tested,0.0,True
130363,4,mlp,6,hybrid,43504,2857,423,3280,0.0,0.05594887826406767,0.0534227189361659,0.05847503759196944,tested,0.0,True
130363,4,mlp,6,mlp,43504,2744,388,3132,0.0,0.054155939683707244,0.05168642637347137,0.056625452993943115,tested,0.0,True
130363,4,mlp,6,rf,43504,2874,443,3317,0.0,0.055879919087899965,0.053338803909093964,0.058421034266705966,tested,0.0,True
130363,4,mlp,6,xgboost,43504,2855,426,3281,0.0,0.05583394630378816,0.053307160735063676,0.05836073187251264,tested,0.0,True
130363,4,mlp,8,hybrid,43504,2849,443,3292,0.0,0.055305259286502394,0.05277303450310136,0.057837484069903425,tested,0.0,True
130363,4,mlp,8,mlp,43504,2747,242,2989,0.0,0.057580912100036775,0.05517790709774821,0.05998391710232534,tested,0.0,True
130363,4,mlp,8,rf,43504,2878,447,3325,0.0,0.055879919087899965,0.05333561070555906,0.05842422747024087,tested,0.0,True
130363,4,mlp,8,xgboost,43504,2852,448,3300,0.0,0.055259286502390585,0.05272376880281889,0.05779480420196228,tested,0.0,True
130363,4,rf,4,xgboost,43504,191,137,328,0.0033666551641164575,0.001241265171018757,0.0004253886884569021,0.0020571416535806117,tested,0.6733310328232915,False
130363,4,rf,6,hybrid,43504,217,33,250,2.227912694695624e-34,0.004229496138286134,0.0035182419070585447,0.004940750369513724,tested,1.0872213950114646e-31,True
130363,4,rf,6,mlp,43504,610,504,1114,0.0016438420629151288,0.002436557557925708,0.0009329859450561691,0.0039401291707952465,tested,0.34520683321217704,False
130363,4,rf,6,rf,43504,218,37,255,2.132134283489066e-32,0.004160536962118426,0.003442147848720235,0.004878926075516617,tested,1.0234244560747517e-29,True
130363,4,rf,6,xgboost,43504,222,43,265,2.97063057969894e-30,0.00411456417800662,0.003382160598498372,0.004846967757514868,tested,1.4021376336178996e-27,True
130363,4,rf,8,hybrid,43504,213,57,270,2.3361438271800894e-22,0.003585877160720853,0.0028463342238623486,0.004325420097579358,tested,1.0115502771689787e-19,True
130363,4,rf,8,mlp,43504,618,363,981,3.4823516710981924e-16,0.005861529974255241,0.004451477516388564,0.007271582432121917,tested,1.3964230201103752e-13,True
130363,4,rf,8,rf,43504,220,39,259,8.279168491897413e-32,0.004160536962118426,0.003436518789352718,0.004884555134884134,tested,3.949163370635066e-29,True
130363,4,rf,8,xgboost,43504,219,65,284,1.1355441084454051e-20,0.0035399043766090473,0.002781372524383921,0.004298436228834173,tested,4.7919961376396095e-18,True
130363,4,xgboost,6,hybrid,43504,146,16,162,1.91831757484474e-27,0.002988230967267378,0.0024154770825629214,0.0035609848519718343,tested,8.766711317040462e-25,True
130363,4,xgboost,6,mlp,43504,544,492,1036,0.11303781567154199,0.001195292386906951,-0.00025481018257559164,0.0026453949563894938,tested,1.0,False
130363,4,xgboost,6,rf,43504,157,30,187,5.78796833231338e-22,0.002919271791099669,0.002303780757047945,0.0035347628251513933,tested,2.494614351227067e-19,True
130363,4,xgboost,6,xgboost,43504,151,26,177,1.2656782126160675e-22,0.002873299006987863,0.002274505020318018,0.003472092993657708,tested,5.518357007006054e-20,True
130363,4,xgboost,8,hybrid,43504,145,43,188,3.986378634118628e-14,0.0023446119897020962,0.0017272578091069085,0.002961966170297284,tested,1.51083750233096e-11,True
130363,4,xgboost,8,mlp,43504,553,352,905,2.4698298161886867e-11,0.004620264803236484,0.0032655957166428436,0.0059749338898301245,tested,8.693800952984177e-09,True
130363,4,xgboost,8,rf,43504,161,34,195,5.8157087900911016e-21,0.002919271791099669,0.00229072743666637,0.003547816145532968,tested,2.465860526998627e-18,True
130363,4,xgboost,8,xgboost,43504,151,51,202,1.1134318859529726e-12,0.0022986392055902903,0.0016586681739354475,0.002938610237245133,tested,4.06402638372835e-10,True
130363,6,hybrid,6,mlp,43504,421,499,920,0.011089374870731998,-0.0017929385803604266,-0.003159385529123426,-0.00042649163159742733,tested,1.0,False
130363,6,hybrid,6,rf,43504,17,20,37,0.7428293587290682,-6.895917616770872e-05,-0.0003430102578020209,0.00020509190546660346,tested,1.0,False
130363,6,hybrid,6,xgboost,43504,11,16,27,0.44206833839416504,-0.00011493196027951453,-0.00034903612125822254,0.00011917220069919346,tested,1.0,False
130363,6,hybrid,8,hybrid,43504,10,38,48,6.169640777642373e-05,-0.0006436189775652813,-0.0009557025791352787,-0.000331535375995284,tested,0.017149919389774924,True
130363,6,hybrid,8,mlp,43504,420,349,769,0.011545549266256226,0.0016320338359691062,0.0003827465508588386,0.002881321121079374,tested,1.0,False
130363,6,hybrid,8,rf,43504,25,28,53,0.7838463022094988,-6.895917616770872e-05,-0.00039695548762373815,0.0002590371352883207,tested,1.0,False
130363,6,hybrid,8,xgboost,43504,16,46,62,0.00017632711255144299,-0.0006895917616770872,-0.0010442869107792584,-0.00033489661257491603,tested,0.04355279680020642,True
130363,6,mlp,6,rf,43504,516,441,957,0.016708243179612243,0.001723979404192718,0.0003303140586033203,0.003117644749782116,tested,1.0,False
130363,6,mlp,6,xgboost,43504,510,437,947,0.019252341593230585,0.001678006620080912,0.00029163783223324757,0.0030643754079285766,tested,1.0,False
130363,6,mlp,8,hybrid,43504,503,453,956,0.11297040209879043,0.0011493196027951452,-0.00024366964896440973,0.0025423088545547,tested,1.0,False
130363,6,mlp,8,mlp,43504,268,119,387,2.5669996294483127e-14,0.003424972416329533,0.0025392435004548413,0.004310701332204224,tested,9.831608580787037e-12,True
130363,6,mlp,8,rf,43504,520,445,965,0.017167166941934733,0.001723979404192718,0.0003245002553702969,0.003123458553015139,tested,1.0,False
130363,6,mlp,8,xgboost,43504,509,461,970,0.1312362765289052,0.0011033468186833395,-0.00029980894156715165,0.0025065025789338304,tested,1.0,False
130363,6,rf,6,xgboost,43504,31,33,64,0.9006532462520334,-4.597278411180581e-05,-0.00040640329516722633,0.00031445772694361465,tested,1.0,False
130363,6,rf,8,hybrid,43504,28,53,81,0.007275502036308492,-0.0005746598013975726,-0.0009801084567956965,-0.0001692111459994487,tested,1.0,False
130363,6,rf,8,mlp,43504,439,365,804,0.009994556457798983,0.001700993012136815,0.00042359599426569096,0.002978390030007939,tested,1.0,False
130363,6,rf,8,rf,43504,24,24,48,1.0,0.0,-0.0003121422030925532,0.0003121422030925532,tested,1.0,False
130363,6,rf,8,xgboost,43504,34,61,95,0.007313123139453615,-0.0006206325855093785,-0.001059724428406435,-0.000181540742612322,tested,1.0,False
130363,6,xgboost,8,hybrid,43504,11,34,45,0.0008240823595997425,-0.0005286870172857668,-0.0008308765690666828,-0.0002264974655048508,tested,0.18294628383114284,False
130363,6,xgboost,8,mlp,43504,425,349,774,0.006983199274646488,0.001746965796248621,0.0004936367605403325,0.0030002948319569093,tested,1.0,False
130363,6,xgboost,8,rf,43504,37,35,72,0.906294324703081,4.597278411180581e-05,-0.00033632153417135124,0.0004282671023949628,tested,1.0,False
130363,6,xgboost,8,xgboost,43504,8,33,41,0.00011222142620681552,-0.0005746598013975726,-0.0008630946288795985,-0.0002862249739155467,tested,0.02906534938756522,True
130363,8,hybrid,8,mlp,43504,436,337,773,0.0004168472324714609,0.002275652813534388,0.0010232087945898467,0.003528096832478929,tested,0.09879279409573623,False
130363,8,hybrid,8,rf,43504,30,5,35,2.2361520677804947e-05,0.0005746598013975726,0.0003081723620394446,0.0008411472407557005,tested,0.0065072025172412395,True
130363,8,hybrid,8,xgboost,43504,6,8,14,0.79052734375,-4.597278411180581e-05,-0.00021454828715190014,0.0001226027189282885,tested,1.0,False
130363,8,mlp,8,rf,43504,367,441,808,0.0101810949883988,-0.001700993012136815,-0.0029815641884140247,-0.0004204218358596053,tested,1.0,False
130363,8,mlp,8,xgboost,43504,343,444,787,0.00035826510981004113,-0.0023216255976461933,-0.0035853562825186713,-0.0010578949127737153,tested,0.08562536124459984,False
130363,8,rf,8,xgboost,43504,11,38,49,0.00014197068519905542,-0.0006206325855093785,-0.000935955578122094,-0.000305309592896663,tested,0.03591858335536102,True
155921,4,hybrid,4,mlp,43500,15,2805,2820,0.0,-0.06413793103448276,-0.06645351505160388,-0.06182234701736165,tested,0.0,True
155921,4,hybrid,4,rf,43500,31,77,108,1.1153098221083044e-05,-0.0010574712643678162,-0.0015256221593531003,-0.0005893203693825321,tested,0.003323623269882747,True
155921,4,hybrid,4,xgboost,43500,57,52,109,0.7018111820646825,0.00011494252873563218,-0.00035547544876313126,0.0005853605062343956,tested,1.0,False
155921,4,hybrid,6,hybrid,43500,96,56,152,0.0014762283005216952,0.0009195402298850574,0.0003640952477236202,0.0014749852120464948,tested,0.3159128563116428,False
155921,4,hybrid,6,mlp,43500,83,634,717,6.166399789779688e-106,-0.012666666666666666,-0.013867291443096593,-0.01146604189023674,tested,3.2681918885832343e-103,True
155921,4,hybrid,6,rf,43500,104,54,158,8.548342922070632e-05,0.0011494252873563218,0.0005831581614004815,0.0017156924133121623,tested,0.022396658455825055,True
155921,4,hybrid,6,xgboost,43500,101,53,154,0.0001358087434344528,0.001103448275862069,0.0005443894989406193,0.0016625070527835186,tested,0.03463122957578546,True
155921,4,hybrid,8,hybrid,43500,103,61,164,0.0012955826170011112,0.0009655172413793104,0.00038856477999381963,0.001542469702764801,tested,0.28373259312324334,False
155921,4,hybrid,8,mlp,43500,93,147,240,0.000594571599331122,-0.0012413793103448277,-0.0019393171860448868,-0.0005434414346447684,tested,0.13739011119535957,False
155921,4,hybrid,8,rf,43500,108,51,159,7.2316009758607525e-06,0.001310344827586207,0.0007423186634315087,0.0018783709917409054,tested,0.0021767118937340863,True
155921,4,hybrid,8,xgboost,43500,101,70,171,0.02150654246325032,0.0007126436781609196,0.00012347207594558957,0.0013018152803762496,tested,1.0,False
155921,4,mlp,4,rf,43500,2836,92,2928,0.0,0.06308045977011495,0.060715491628031866,0.06544542791219803,tested,0.0,True
155921,4,mlp,4,xgboost,43500,2862,67,2929,0.0,0.06425287356321839,0.06189026477815359,0.0666154823482832,tested,0.0,True
155921,4,mlp,6,hybrid,43500,2880,50,2930,0.0,0.06505747126436781,0.06269637787630496,0.06741856465243067,tested,0.0,True
155921,4,mlp,6,mlp,43500,2316,77,2393,0.0,0.05147126436781609,0.04932083396901691,0.053621694766615276,tested,0.0,True
155921,4,mlp,6,rf,43500,2897,57,2954,0.0,0.06528735632183907,0.06291652502573075,0.0676581876179474,tested,0.0,True
155921,4,mlp,6,xgboost,43500,2883,45,2928,0.0,0.06524137931034482,0.06288159430801346,0.06760116431267618,tested,0.0,True
155921,4,mlp,8,hybrid,43500,2885,53,2938,0.0,0.06510344827586206,0.06273902968875944,0.06746786686296469,tested,0.0,True
155921,4,mlp,8,mlp,43500,2808,72,2880,0.0,0.06289655172413793,0.06055184071226196,0.06524126273601388,tested,0.0,True
155921,4,mlp,8,rf,43500,2898,51,2949,0.0,0.06544827586206897,0.06307997859064969,0.06781657313348825,tested,0.0,True
155921,4,mlp,8,xgboost,43500,2883,62,2945,0.0,0.06485057471264367,0.06248253987274109,0.06721860955254626,tested,0.0,True
155921,4,rf,4,xgboost,43500,134,83,217,0.0006539230262037927,0.0011724137931034483,0.0005087596173377953,0.0018360679688691015,tested,0.14713268089585335,False
155921,4,rf,6,hybrid,43500,121,35,156,2.727201682665509e-12,0.0019770114942528737,0.0014145441546401282,0.0025394788338656193,tested,9.872470091249143e-10,True
155921,4,rf,6,mlp,43500,138,643,781,1.1258052451327043e-78,-0.01160919540229885,-0.012863667887043552,-0.010354722917554147,tested,5.887961432044044e-76,True
155921,4,rf,6,rf,43500,112,16,128,6.379225013648829e-19,0.002206896551724138,0.0016975456524271398,0.002716247451021136,tested,2.640999155650615e-16,True
155921,4,rf,6,xgboost,43500,132,38,170,2.309659346625795e-13,0.002160919540229885,0.0015737863234822117,0.0027480527569775583,tested,8.661222549846732e-11,True
155921,4,rf,8,hybrid,43500,121,33,154,5.251232042625476e-13,0.0020229885057471263,0.0014641568481122938,0.002581820163381959,tested,1.948207087814052e-10,True
155921,4,rf,8,mlp,43500,132,140,272,0.6713251353712297,-0.0001839080459770115,-0.0009270214307865838,0.0005592053388325609,tested,1.0,False
155921,4,rf,8,rf,43500,118,15,133,5.09476472849151e-21,0.002367816091954023,0.0018486586622960812,0.0028869735216119647,tested,2.1703697743373833e-18,True
155921,4,rf,8,xgboost,43500,119,42,161,1.0113525726969985e-09,0.0017701149425287355,0.0011986352074781455,0.0023415946775793258,tested,3.388031118534945e-07,True
155921,4,xgboost,6,hybrid,43500,93,58,151,0.005482468785760624,0.0008045977011494253,0.00025096749267363827,0.0013582279096252124,tested,1.0,False
155921,4,xgboost,6,mlp,43500,80,636,716,2.334241975446182e-108,-0.0127816091954023,-0.013981280526680942,-0.011581937864123657,tested,1.2418167309373688e-105,True
155921,4,xgboost,6,rf,43500,106,61,167,0.0006186947801814266,0.0010344827586206897,0.00045228637549039235,0.001616679141750987,tested,0.1398250203210024,False
155921,4,xgboost,6,xgboost,43500,97,54,151,0.0005846387710440832,0.0009885057471264369,0.00043490184129951965,0.001542109652953354,tested,0.13739011119535957,False
155921,4,xgboost,8,hybrid,43500,106,69,175,0.0063378543307810765,0.0008505747126436781,0.0002545671419491428,0.0014465822833382134,tested,1.0,False
155921,4,xgboost,8,mlp,43500,95,154,249,0.00022311211696048454,-0.0013563218390804598,-0.002067210656180726,-0.0006454330219801938,tested,0.05443935653835823,False
155921,4,xgboost,8,rf,43500,111,59,170,8.152473202823985e-05,0.0011954022988505746,0.0006080254134034345,0.0017827791842977146,tested,0.021522529255455322,True
155921,4,xgboost,8,xgboost,43500,99,73,172,0.05630366806880822,0.0005977011494252873,6.797857250903086e-06,0.0011886044415996715,tested,1.0,False
155921,6,hybrid,6,mlp,43500,19,610,629,8.647360069010193e-154,-0.013586206896551723,-0.01470901957759917,-0.012463394215504277,tested,4.747400677886596e-151,True
155921,6,hybrid,6,rf,43500,29,19,48,0.19341265286193737,0.00022988505747126436,-8.227837323607762e-05,0.0005420484881786063,tested,1.0,False
155921,6,hybrid,6,xgboost,43500,14,6,20,0.11531829833984375,0.0001839080459770115,-1.758999564252525e-05,0.0003854060875965482,tested,1.0,False
155921,6,hybrid,8,hybrid,43500,25,23,48,0.8854334972865135,4.597701149425287e-05,-0.00026619359564512206,0.0003581476186336278,tested,1.0,False
155921,6,hybrid,8,mlp,43500,27,121,148,2.0804836938185115e-15,-0.002160919540229885,-0.002708697343413864,-0.0016131417370459059,tested,8.197105753644935e-13,True
155921,6,hybrid,8,rf,43500,37,20,57,0.03314396778750544,0.00039080459770114945,5.064406500900553e-05,0.0007309651303932934,tested,1.0,False
155921,6,hybrid,8,xgboost,43500,20,29,49,0.2528697301676033,-0.00020689655172413793,-0.0005222964829595422,0.0001085033795112663,tested,1.0,False
155921,6,mlp,6,rf,43500,639,38,677,8.214265170887687e-142,0.013816091954022988,0.012650929877844913,0.014981254030201063,tested,4.443917457450239e-139,True
155921,6,mlp,6,xgboost,43500,624,25,649,7.28458362108149e-151,0.013770114942528736,0.012629558740864476,0.014910671144192995,tested,3.9773826571104936e-148,True
155921,6,mlp,8,hybrid,43500,629,36,665,5.938468125938615e-141,0.013632183908045978,0.012477330755504567,0.014787037060587389,tested,3.206772788006852e-138,True
155921,6,mlp,8,mlp,43500,543,46,589,8.585847685634072e-109,0.01142528735632184,0.010337044443472483,0.012513530269171196,tested,4.57625681644296e-106,True
155921,6,mlp,8,rf,43500,645,37,682,2.011623855757679e-144,0.013977011494252874,0.012807670315451698,0.01514635267305405,tested,1.0923117536764197e-141,True
155921,6,mlp,8,xgboost,43500,625,43,668,2.128832485702316e-133,0.013379310344827587,0.012221562659084029,0.014537058030571145,tested,1.1474407097935485e-130,True
155921,6,rf,6,xgboost,43500,33,35,68,0.9035973456835127,-4.597701149425287e-05,-0.0004175344575670419,0.00032558043457853614,tested,1.0,False
155921,6,rf,8,hybrid,43500,14,22,36,0.24298495403490966,-0.0001839080459770115,-0.0004542504566209995,8.643436466697647e-05,tested,1.0,False
155921,6,rf,8,mlp,43500,34,138,172,4.605473988366557e-16,-0.0023908045977011493,-0.002981307306300352,-0.0018003018891019464,tested,1.8329786473698896e-13,True
155921,6,rf,8,rf,43500,10,3,13,0.09228515625,0.00016091954022988506,-1.5323115095322787e-06,0.0003233713919693024,tested,1.0,False
155921,6,rf,8,xgboost,43500,14,33,47,0.007942726509483574,-0.0004367816091954023,-0.0007456563471526008,-0.00012790687123820387,tested,1.0,False
155921,6,xgboost,8,hybrid,43500,21,27,48,0.470879013621712,-0.00013793103448275863,-0.0004500992494964535,0.00017423718053093625,tested,1.0,False
155921,6,xgboost,8,mlp,43500,22,124,146,1.8841215441688126e-18,-0.0023448275862068967,-0.0028888192180676125,-0.0018008359543461808,tested,7.687215900208755e-16,True
155921,6,xgboost,8,rf,43500,39,30,69,0.3355576182340152,0.00020689655172413793,-0.00016737816608841384,0.0005811712695366897,tested,1.0,False
155921,6,xgboost,8,xgboost,43500,13,30,43,0.0137181850586785,-0.00039080459770114945,-0.0006862467655820155,-9.536242982028335e-05,tested,1.0,False
155921,8,hybrid,8,mlp,43500,24,120,144,1.4916559831780758e-16,-0.002206896551724138,-0.0027471945221357943,-0.001666598581312482,tested,5.996457052375865e-14,True
155921,8,hybrid,8,rf,43500,24,9,33,0.013530986849218607,0.0003448275862068965,8.600943060180569e-05,0.0006036457418119874,tested,1.0,False
155921,8,hybrid,8,xgboost,43500,1,12,13,0.00341796875,-0.0002528735632183908,-0.0004153150719699235,-9.043205446685807e-05,tested,0.68017578125,False
155921,8,mlp,8,rf,43500,144,33,177,9.793690299783019e-18,0.0025517241379310347,0.001952746408981016,0.0031507018668810536,tested,3.966444571412122e-15,True
155921,8,mlp,8,xgboost,43500,121,36,157,6.0140077078373404e-12,0.001954022988505747,0.0013897467162828445,0.0025182992607286495,tested,2.1470007516979304e-09,True
155921,8,rf,8,xgboost,43500,10,36,46,0.00015641720852954677,-0.0005977011494252873,-0.0009032476757501827,-0.0002921546231003919,tested,0.03926071934091624,True
181081,4,hybrid,4,mlp,43500,432,2987,3419,0.0,-0.058735632183908044,-0.061311802948033546,-0.05615946141978254,tested,0.0,True
181081,4,hybrid,4,rf,43500,32,102,134,1.0414040895832831e-09,-0.0016091954022988506,-0.0021305600619605266,-0.0010878307426371745,tested,3.478289659208166e-07,True
181081,4,hybrid,4,xgboost,43500,43,52,95,0.41191007368097665,-0.00020689655172413793,-0.0006460632017502335,0.00023227009830195764,tested,1.0,False
181081,4,hybrid,6,hybrid,43500,84,43,127,0.0003469587162402839,0.000942528735632184,0.00043482824510528194,0.001450229226159086,tested,0.08327009189766814,False
181081,4,hybrid,6,mlp,43500,70,155,225,1.4584196849407835e-08,-0.001954022988505747,-0.0026296433210987093,-0.001278402655912785,tested,4.754448172906954e-06,True
181081,4,hybrid,6,rf,43500,90,58,148,0.010582643402853378,0.000735632183908046,0.00018752168264121532,0.0012837426851748765,tested,1.0,False
181081,4,hybrid,6,xgboost,43500,90,56,146,0.0061187033754637075,0.0007816091954022989,0.00023722099186817972,0.001325997398936418,tested,1.0,False
181081,4,hybrid,8,hybrid,43500,86,70,156,0.22965784665432604,0.000367816091954023,-0.00019494739711881217,0.0009305795810268581,tested,1.0,False
181081,4,hybrid,8,mlp,43500,78,293,371,2.0876197407260184e-30,-0.0049425287356321835,-0.0058091630894134645,-0.0040758943818509025,tested,9.874441373634067e-28,True
181081,4,hybrid,8,rf,43500,97,54,151,0.0005846387710440832,0.0009885057471264369,0.00043490184129951976,0.001542109652953354,tested,0.13739011119535957,False
181081,4,hybrid,8,xgboost,43500,90,73,163,0.20999518680228335,0.00039080459770114945,-0.00018444557499274145,0.0009660547703950403,tested,1.0,False
181081,4,mlp,4,rf,43500,3019,534,3553,0.0,0.0571264367816092,0.054494864740101685,0.05975800882311671,tested,0.0,True
181081,4,mlp,4,xgboost,43500,3030,484,3514,0.0,0.05852873563218391,0.05591498935766749,0.061142481906700324,tested,0.0,True
181081,4,mlp,6,hybrid,43500,3047,451,3498,0.0,0.05967816091954023,0.05707293795116702,0.06228338388791344,tested,0.0,True
181081,4,mlp,6,mlp,43500,2972,502,3474,0.0,0.0567816091954023,0.05418002261776767,0.05938319577303693,tested,0.0,True
181081,4,mlp,6,rf,43500,3064,477,3541,0.0,0.05947126436781609,0.05684892507319329,0.06209360366243889,tested,0.0,True
181081,4,mlp,6,xgboost,43500,3053,464,3517,0.0,0.059517241379310346,0.0569043014847583,0.06213018127386239,tested,0.0,True
181081,4,mlp,8,hybrid,43500,3049,478,3527,0.0,0.05910344827586207,0.05648579818632286,0.06172109836540129,tested,0.0,True
181081,4,mlp,8,mlp,43500,2843,503,3346,0.0,0.05379310344827586,0.05123623659240792,0.05634997030414381,tested,0.0,True
181081,4,mlp,8,rf,43500,3068,470,3538,0.0,0.05972413793103448,0.05710346801972567,0.062344807842343294,tested,0.0,True
181081,4,mlp,8,xgboost,43500,3053,481,3534,0.0,0.0591264367816092,0.05650611933614106,0.06174675422707734,tested,0.0,True
181081,4,rf,4,xgboost,43500,145,84,229,6.699982423290143e-05,0.0014022988505747126,0.0007205751079334015,0.0020840225932160237,tested,0.018156952367116286,True
181081,4,rf,6,hybrid,43500,139,28,167,6.8363507518302415e-19,0.0025517241379310347,0.0019699405906448138,0.0031335076852172556,tested,2.8234128605058896e-16,True
181081,4,rf,6,mlp,43500,155,170,325,0.43745360941132094,-0.0003448275862068965,-0.001157115574003212,0.0004674604015894188,tested,1.0,False
181081,4,rf,6,rf,43500,123,21,144,9.635082846389395e-19,0.0023448275862068967,0.0018045809288757776,0.0028850742435380158,tested,3.969654132712431e-16,True
181081,4,rf,6,xgboost,43500,145,41,186,8.038978889732591e-15,0.0023908045977011493,0.001776706427778577,0.003004902767623722,tested,3.127162788105978e-12,True
181081,4,rf,8,hybrid,43500,128,42,170,2.6359423041628103e-11,0.0019770114942528737,0.0013898210468081822,0.0025642019416975653,tested,9.252157487611465e-09,True
181081,4,rf,8,mlp,43500,139,284,423,1.5415334018898417e-12,-0.0033333333333333335,-0.004259509772349584,-0.0024071568943170823,tested,5.595766248860126e-10,True
181081,4,rf,8,rf,43500,131,18,149,2.2754371745663552e-22,0.0025977011494252873,0.0020482403374080926,0.003147161961442482,tested,9.875397337617982e-20,True
181081,4,rf,8,xgboost,43500,132,45,177,4.1019145103947886e-11,0.002,0.0014008371639761437,0.0025991628360238564,tested,1.4315681641277811e-08,True
181081,4,xgboost,6,hybrid,43500,96,46,142,3.2938756588952366e-05,0.0011494252873563218,0.0006126060442940098,0.0016862445304186339,tested,0.00948636189761828,True
181081,4,xgboost,6,mlp,43500,82,158,240,1.058991851741536e-06,-0.0017471264367816092,-0.002444968680450362,-0.0010492841931128566,tested,0.00032828747403987617,True
181081,4,xgboost,6,rf,43500,103,62,165,0.0017601917264816224,0.000942528735632184,0.00036381616548621315,0.0015212413057781547,tested,0.36788007083465907,False
181081,4,xgboost,6,xgboost,43500,97,54,151,0.0005846387710440832,0.0009885057471264369,0.00043490184129951965,0.001542109652953354,tested,0.13739011119535957,False
181081,4,xgboost,8,hybrid,43500,96,71,167,0.06296242380456342,0.0005747126436781609,-7.539852255231323e-06,0.001156965139611553,tested,1.0,False
181081,4,xgboost,8,mlp,43500,86,292,378,2.421006416253975e-27,-0.004735632183908046,-0.005610528463043084,-0.0038607359047730084,tested,1.1015579193955587e-24,True
181081,4,xgboost,8,rf,43500,111,59,170,8.152473202823985e-05,0.0011954022988505746,0.0006080254134034345,0.0017827791842977146,tested,0.021522529255455322,True
181081,4,xgboost,8,xgboost,43500,99,73,172,0.05630366806880822,0.0005977011494252873,6.797857250903086e-06,0.0011886044415996715,tested,1.0,False
181081,6,hybrid,6,mlp,43500,21,147,168,1.78061588575196e-24,-0.002896551724137931,-0.0034799353030180247,-0.002313168145257837,tested,7.923740691596222e-22,True
181081,6,hybrid,6,rf,43500,21,30,51,0.2624375357110438,-0.00020689655172413793,-0.0005286690822489397,0.0001148759788006638,tested,1.0,False
181081,6,hybrid,6,xgboost,43500,6,13,19,0.1670684814453125,-0.00016091954022988506,-0.00035731693956265597,3.5477859102885876e-05,tested,1.0,False
181081,6,hybrid,8,hybrid,43500,9,34,43,0.00017015517460094998,-0.0005747126436781609,-0.0008701282709634929,-0.00027929701639282885,tested,0.042198483301035594,True
181081,6,hybrid,8,mlp,43500,8,264,272,1.8198587170075318e-67,-0.005885057471264368,-0.006626111995550816,-0.00514400294697792,tested,9.44506674126909e-65,True
181081,6,hybrid,8,rf,43500,26,24,50,0.887724827340783,4.597701149425287e-05,-0.00027263079245725536,0.0003645848154457611,tested,1.0,False
181081,6,hybrid,8,xgboost,43500,12,36,48,0.0007172696733945829,-0.0005517241379310345,-0.0008638519830588786,-0.00023959629280319045,tested,0.159951137166992,False
181081,6,mlp,6,rf,43500,168,51,219,8.966794365295545e-16,0.0026896551724137933,0.002023337070376817,0.0033559732744507698,tested,3.5508505686570357e-13,True
181081,6,mlp,6,xgboost,43500,153,34,187,3.158636364811134e-19,0.002735632183908046,0.002120010004653708,0.003351254363162384,tested,1.3139927277614318e-16,True
181081,6,mlp,8,hybrid,43500,151,50,201,5.568653255803213e-13,0.00232183908045977,0.0016834045879124595,0.0029602735730070804,tested,2.0604017046471888e-10,True
181081,6,mlp,8,mlp,43500,90,220,310,1.0254507290563475e-13,-0.002988505747126437,-0.0037813362380731542,-0.0021956752561797196,tested,3.8762037558329934e-11,True
181081,6,mlp,8,rf,43500,171,43,214,2.9057992624172545e-19,0.002942528735632184,0.0022839674850904925,0.0036010899861738752,tested,1.211718292427995e-16,True
181081,6,mlp,8,xgboost,43500,155,53,208,8.616979118980308e-13,0.0023448275862068967,0.001695365744662204,0.002994289427751589,tested,3.1710483157847534e-10,True
181081,6,rf,6,xgboost,43500,36,34,70,0.9049745264594622,4.597701149425287e-05,-0.0003310049250878203,0.000422958948076326,tested,1.0,False
181081,6,rf,8,hybrid,43500,12,28,40,0.01658900337497471,-0.000367816091954023,-0.0006527668729062766,-8.286531100176937e-05,tested,1.0,False
181081,6,rf,8,mlp,43500,34,281,315,1.5924782479180215e-49,-0.00567816091954023,-0.0064760786181880595,-0.004880243220892401,tested,8.073864716944369e-47,True
181081,6,rf,8,rf,43500,16,5,21,0.02660369873046875,0.0002528735632183908,4.640559264275571e-05,0.00045934153379402585,tested,1.0,False
181081,6,rf,8,xgboost,43500,17,32,49,0.04438416098714981,-0.0003448275862068965,-0.0006602168629540856,-2.9438309459707437e-05,tested,1.0,False
181081,6,xgboost,8,hybrid,43500,16,34,50,0.015346677832630107,-0.00041379310344827585,-0.0007323774686790697,-9.520873821748194e-05,tested,1.0,False
181081,6,xgboost,8,mlp,43500,8,257,265,1.8872258900287898e-65,-0.005724137931034483,-0.0064556536424069146,-0.004992622219662051,tested,9.756957851448842e-63,True
181081,6,xgboost,8,rf,43500,39,30,69,0.3355576182340152,0.00020689655172413793,-0.00016737816608841384,0.0005811712695366897,tested,1.0,False
181081,6,xgboost,8,xgboost,43500,13,30,43,0.0137181850586785,-0.00039080459770114945,-0.0006862467655820155,-9.536242982028335e-05,tested,1.0,False
181081,8,hybrid,8,mlp,43500,23,254,277,2.0570733694542764e-50,-0.005310344827586207,-0.006058596889940796,-0.004562092765231618,tested,1.0449932716827724e-47,True
181081,8,hybrid,8,rf,43500,30,3,33,1.4011748135089874e-06,0.0006206896551724138,0.00036191694584204097,0.0008794623645027867,tested,0.00043156184256076813,True
181081,8,hybrid,8,xgboost,43500,7,6,13,1.0,2.2988505747126437e-05,-0.00013947024095171975,0.00018544725244597262,tested,1.0,False
181081,8,mlp,8,rf,43500,284,26,310,5.3033118225162775e-56,0.00593103448275862,0.005139667134341811,0.00672240183117543,tested,2.715295653128334e-53,True
181081,8,mlp,8,xgboost,43500,261,29,290,7.710028518261759e-48,0.005333333333333333,0.004567662104387817,0.006099004562278849,tested,3.90127443024045e-45,True
181081,8,rf,8,xgboost,43500,10,36,46,0.00015641720852954677,-0.0005977011494252873,-0.0009032476757501827,-0.0002921546231003919,tested,0.03926071934091624,True
206369,4,hybrid,4,mlp,43500,26,2753,2779,0.0,-0.06268965517241379,-0.0649907227462439,-0.06038858759858367,tested,0.0,True
206369,4,hybrid,4,rf,43500,32,97,129,8.498879646513104e-09,-0.0014942528735632185,-0.0020058205619998513,-0.0009826851851265858,tested,2.787632524056298e-06,True
206369,4,hybrid,4,xgboost,43500,53,52,105,1.0,2.2988505747126437e-05,-0.00043871844040232306,0.000484695451896576,tested,1.0,False
206369,4,hybrid,6,hybrid,43500,81,34,115,1.3800344917800584e-05,0.0010804597701149425,0.0005973733630202076,0.0015635461772096773,tested,0.004084902095668973,True
206369,4,hybrid,6,mlp,43500,71,104,175,0.015324237381979872,-0.0007586206896551724,-0.0013546392232791987,-0.0001626021560311461,tested,1.0,False
206369,4,hybrid,6,rf,43500,85,49,134,0.002371823546444492,0.0008275862068965517,0.000306060259856696,0.0013491121539364074,tested,0.4885956505675654,False
206369,4,hybrid,6,xgboost,43500,90,46,136,0.0002017972263792595,0.0010114942528735632,0.00048611830341045215,0.0015368702023366742,tested,0.049440320462918574,True
206369,4,hybrid,8,hybrid,43500,85,52,137,0.006052539424559403,0.0007586206896551724,0.00023127863589913415,0.0012859627434112105,tested,1.0,False
206369,4,hybrid,8,mlp,43500,79,168,247,1.5185260097865227e-08,-0.002045977011494253,-0.0027538578226497844,-0.001338096200338722,tested,4.935209531806199e-06,True
206369,4,hybrid,8,rf,43500,98,44,142,6.8164202241287475e-06,0.0012413793103448277,0.0007045781513837926,0.0017781804693058627,tested,0.0020585589076868816,True
206369,4,hybrid,8,xgboost,43500,90,63,153,0.035211020179809045,0.0006206896551724138,6.338363356813673e-05,0.001177995676776691,tested,1.0,False
206369,4,mlp,4,rf,43500,2785,123,2908,0.0,0.06119540229885057,0.05883464837444961,0.06355615622325154,tested,0.0,True
206369,4,mlp,4,xgboost,43500,2806,78,2884,0.0,0.06271264367816091,0.06036576687364557,0.06505952048267626,tested,0.0,True
206369,4,mlp,6,hybrid,43500,2805,31,2836,0.0,0.06377011494252874,0.0614466331141038,0.06609359677095367,tested,0.0,True
206369,4,mlp,6,mlp,43500,2752,58,2810,0.0,0.06193103448275862,0.059614528897195436,0.06424754006832181,tested,0.0,True
206369,4,mlp,6,rf,43500,2820,57,2877,0.0,0.06351724137931035,0.061175308510290294,0.0658591742483304,tested,0.0,True
206369,4,mlp,6,xgboost,43500,2815,44,2859,0.0,0.06370114942528736,0.0613674743607162,0.06603482448985852,tested,0.0,True
206369,4,mlp,8,hybrid,43500,2812,52,2864,0.0,0.06344827586206897,0.06111181914801395,0.065784732576124,tested,0.0,True
206369,4,mlp,8,mlp,43500,2679,41,2720,0.0,0.06064367816091954,0.05836389441397603,0.06292346190786306,tested,0.0,True
206369,4,mlp,8,rf,43500,2833,52,2885,0.0,0.06393103448275862,0.06158662968155,0.06627543928396724,tested,0.0,True
206369,4,mlp,8,xgboost,43500,2815,61,2876,0.0,0.06331034482758621,0.060968350648589825,0.0656523390065826,tested,0.0,True
206369,4,rf,4,xgboost,43500,150,84,234,1.90502841254617e-05,0.0015172413793103448,0.0008281341767331447,0.0022063485818875446,tested,0.005562682964634816,True
206369,4,rf,6,hybrid,43500,142,30,172,1.2588342644623892e-18,0.002574712643678161,0.0019842782273127163,0.0031651470600436056,tested,5.161220484295796e-16,True
206369,4,rf,6,mlp,43500,159,127,286,0.06660466143782054,0.000735632183908046,-2.633619549789268e-05,0.0014976005633139846,tested,1.0,False
206369,4,rf,6,rf,43500,126,25,151,2.0397790182976807e-17,0.00232183908045977,0.0017685873458504488,0.002875090815069091,tested,8.24070723392263e-15,True
206369,4,rf,6,xgboost,43500,148,39,187,3.7830084461187383e-16,0.0025057471264367816,0.001890038527141558,0.0031214557257320053,tested,1.5132033784474953e-13,True
206369,4,rf,8,hybrid,43500,130,32,162,3.2587659219206198e-15,0.0022528735632183906,0.001679769915372719,0.0028259772110640624,tested,1.277436241392883e-12,True
206369,4,rf,8,mlp,43500,144,168,312,0.19279348843714114,-0.0005517241379310345,-0.001347590020019847,0.00024414174415777784,tested,1.0,False
206369,4,rf,8,rf,43500,134,15,149,4.6029150281041995e-25,0.002735632183908046,0.0021862304940433695,0.0032850338737727223,tested,2.0621059325906814e-22,True
206369,4,rf,8,xgboost,43500,135,43,178,2.9102354220994e-12,0.0021149425287356324,0.0015141226262536801,0.0027157624312175847,tested,1.0505949873778835e-09,True
206369,4,xgboost,6,hybrid,43500,94,48,142,0.00014076286839269288,0.0010574712643678162,0.0005206353288296414,0.001594307199905991,tested,0.03575376857174399,True
206369,4,xgboost,6,mlp,43500,83,117,200,0.019396944540338436,-0.0007816091954022989,-0.0014187830532520211,-0.00014443533755257676,tested,1.0,False
206369,4,xgboost,6,rf,43500,98,63,161,0.007182068473081054,0.0008045977011494253,0.00023292591452520582,0.0013762694877736447,tested,1.0,False
206369,4,xgboost,6,xgboost,43500,97,54,151,0.0005846387710440832,0.0009885057471264369,0.00043490184129951965,0.001542109652953354,tested,0.13739011119535957,False
206369,4,xgboost,8,hybrid,43500,99,67,166,0.01586878405918871,0.000735632183908046,0.00015514176659497166,0.0013161226012211203,tested,1.0,False
206369,4,xgboost,8,mlp,43500,91,181,272,5.185959998792824e-08,-0.0020689655172413794,-0.0028118265057625984,-0.0013261045287201601,tested,1.675065079610082e-05,True
206369,4,xgboost,8,rf,43500,112,59,171,6.169035751717598e-05,0.0012183908045977011,0.0006292924024531179,0.0018074892067422845,tested,0.017149919389774924,True
206369,4,xgboost,8,xgboost,43500,99,73,172,0.05630366806880822,0.0005977011494252873,6.797857250903086e-06,0.0011886044415996715,tested,1.0,False
206369,6,hybrid,6,mlp,43500,19,99,118,3.055970137442688e-14,-0.0018390804597701149,-0.002328230275735808,-0.0013499306438044217,tested,1.1673805925031067e-11,True
206369,6,hybrid,6,rf,43500,16,27,43,0.12628947438543037,-0.0002528735632183908,-0.0005483290005029762,4.258187406619462e-05,tested,1.0,False
206369,6,hybrid,6,xgboost,43500,11,14,25,0.6900379657745361,-6.896551724137931e-05,-0.0002942545308815212,0.00015632349639876252,tested,1.0,False
206369,6,hybrid,8,hybrid,43500,12,26,38,0.03355243967962451,-0.0003218390804597701,-0.000599578712300466,-4.409944861907421e-05,tested,1.0,False
206369,6,hybrid,8,mlp,43500,8,144,152,2.1717247550496298e-33,-0.0031264367816091956,-0.0036811714585760777,-0.0025717021046423134,tested,1.0532865061990704e-30,True
206369,6,hybrid,8,rf,43500,31,24,55,0.4187541882690154,0.00016091954022988506,-0.00017323602900596875,0.0004950751094657389,tested,1.0,False
206369,6,hybrid,8,xgboost,43500,16,36,52,0.0077874363057435225,-0.0004597701149425287,-0.0007846591659912476,-0.00013488106389380984,tested,1.0,False
206369,6,mlp,6,rf,43500,115,46,161,5.2832089262927714e-08,0.001586206896551724,0.001014679469203378,0.00215773432390007,tested,1.7011932742662723e-05,True
206369,6,mlp,6,xgboost,43500,110,33,143,7.086785585051165e-11,0.0017701149425287355,0.0012315566034602908,0.0023086732815971803,tested,2.4662013835978053e-08,True
206369,6,mlp,8,hybrid,43500,107,41,148,5.564457739264442e-08,0.0015172413793103448,0.0009692727568225295,0.00206521000179816,tested,1.7806264765646214e-05,True
206369,6,mlp,8,mlp,43500,56,112,168,1.863878792058711e-05,-0.0012873563218390805,-0.001871249290260518,-0.0007034633534176429,tested,0.005461164860732023,True
206369,6,mlp,8,rf,43500,129,42,171,1.7408982267656868e-11,0.002,0.0014110901853924998,0.0025889098146075003,tested,6.162779722750531e-09,True
206369,6,mlp,8,xgboost,43500,108,48,156,1.7480260886077307e-06,0.001379310344827586,0.0008166855371588344,0.0019419351524963377,tested,0.0005366440092025733,True
206369,6,rf,6,xgboost,43500,38,30,68,0.39612484029702977,0.0001839080459770115,-0.0001876456317404762,0.0005554617236944992,tested,1.0,False
206369,6,rf,8,hybrid,43500,13,16,29,0.711071103811264,-6.896551724137931e-05,-0.00031160934926894506,0.00017367831478618646,tested,1.0,False
206369,6,rf,8,mlp,43500,32,157,189,5.263950007429619e-21,-0.0028735632183908046,-0.0034924192475949915,-0.0022547071891866177,tested,2.237178753157588e-18,True
206369,6,rf,8,rf,43500,19,1,20,4.00543212890625e-05,0.00041379310344827585,0.00021232517519676348,0.0006152610316997882,tested,0.011455535888671875,True
206369,6,rf,8,xgboost,43500,19,28,47,0.24296021728332556,-0.00020689655172413793,-0.0005157924433223608,0.00010199933987408485,tested,1.0,False
206369,6,xgboost,8,hybrid,43500,20,31,51,0.16077960181198847,-0.0002528735632183908,-0.0005746431928125659,6.88960663757843e-05,tested,1.0,False
206369,6,xgboost,8,mlp,43500,21,154,175,3.4365030844240286e-26,-0.0030574712643678162,-0.003652839504107865,-0.0024621030246277675,tested,1.553299394159661e-23,True
206369,6,xgboost,8,rf,43500,40,30,70,0.281978921793656,0.00022988505747126436,-0.00014709093648376432,0.000606861051426293,tested,1.0,False
206369,6,xgboost,8,xgboost,43500,13,30,43,0.0137181850586785,-0.00039080459770114945,-0.0006862467655820155,-9.536242982028335e-05,tested,1.0,False
206369,8,hybrid,8,mlp,43500,26,148,174,6.293762699390529e-22,-0.0028045977011494252,-0.003398368728434246,-0.0022108266738646047,tested,2.7063179607379276e-19,True
206369,8,hybrid,8,rf,43500,24,3,27,4.9233436584472656e-05,0.0004827586206896552,0.00024867440029999134,0.000716842841079319,tested,0.013933062553405762,True
206369,8,hybrid,8,xgboost,43500,6,12,18,0.237884521484375,-0.00013793103448275863,-0.00032909149799256786,5.322942902705061e-05,tested,1.0,False
206369,8,mlp,8,rf,43500,172,29,201,6.269514409998342e-26,0.0032873563218390805,0.002649296521442226,0.003925416122235935,tested,2.8212814844992537e-23,True
206369,8,mlp,8,xgboost,43500,154,38,192,9.241672580199123e-18,0.0026666666666666666,0.002042827999111761,0.0032905053342215723,tested,3.752119067560844e-15,True
206369,8,rf,8,xgboost,43500,9,36,45,6.57466324582856e-05,-0.0006206896551724138,-0.0009228915475496824,-0.00031848776279514536,tested,0.018014577293570255,True
231701,4,hybrid,4,mlp,43500,431,2820,3251,0.0,-0.05491954022988506,-0.057436260746830545,-0.05240281971293957,tested,0.0,True
231701,4,hybrid,4,rf,43500,31,104,135,2.0557364040428807e-10,-0.00167816091954023,-0.002201449853628696,-0.001154871985451764,tested,7.05117586586708e-08,True
231701,4,hybrid,4,xgboost,43500,42,55,97,0.22287765458337647,-0.00029885057471264366,-0.0007426114158823258,0.0001449102664570384,tested,1.0,False
231701,4,hybrid,6,hybrid,43500,82,56,138,0.032947508495640404,0.0005977011494252873,6.841942907883443e-05,0.0011269828697717402,tested,1.0,False
231701,4,hybrid,6,mlp,43500,479,192,671,3.302797915882146e-29,0.006597701149425287,0.0054321819883097104,0.007763220310540864,tested,1.5324982329693156e-26,True
231701,4,hybrid,6,rf,43500,85,62,147,0.06923250717353213,0.0005287356321839081,-1.7540856181723417e-05,0.0010750121205495397,tested,1.0,False
231701,4,hybrid,6,xgboost,43500,90,60,150,0.017597691928785734,0.000689655172413793,0.00013784782045423913,0.0012414625243733469,tested,1.0,False
231701,4,hybrid,8,hybrid,43500,85,68,153,0.1956675474691039,0.00039080459770114945,-0.00016651984757212897,0.0009481290429744279,tested,1.0,False
231701,4,hybrid,8,mlp,43500,76,118,194,0.003142163850404387,-0.0009655172413793104,-0.0015930368142647523,-0.00033799766849386837,tested,0.6378592616320906,False
231701,4,hybrid,8,rf,43500,97,57,154,0.0015876769917063992,0.0009195402298850574,0.00036045206779847195,0.001478628391971643,tested,0.3349998452500502,False
231701,4,hybrid,8,xgboost,43500,90,77,167,0.35313775401242076,0.00029885057471264366,-0.0002834201967948314,0.0008811213462201187,tested,1.0,False
231701,4,mlp,4,rf,43500,2851,535,3386,0.0,0.053241379310344825,0.05066766753443546,0.05581509108625419,tested,0.0,True
231701,4,mlp,4,xgboost,43500,2862,486,3348,0.0,0.054620689655172416,0.05206457838696563,0.0571768009233792,tested,0.0,True
231701,4,mlp,6,hybrid,43500,2877,462,3339,0.0,0.05551724137931034,0.0529664155838641,0.058068067174756585,tested,0.0,True
231701,4,mlp,6,mlp,43500,2818,142,2960,0.0,0.06151724137931035,0.05913496457331449,0.0638995181853062,tested,0.0,True
231701,4,mlp,6,rf,43500,2891,479,3370,0.0,0.05544827586206896,0.05288501134454635,0.058011540379591574,tested,0.0,True
231701,4,mlp,6,xgboost,43500,2887,468,3355,0.0,0.05560919540229885,0.05305218672976553,0.05816620407483217,tested,0.0,True
231701,4,mlp,8,hybrid,43500,2883,477,3360,0.0,0.055310344827586205,0.05275078003045879,0.05786990962471362,tested,0.0,True
231701,4,mlp,8,mlp,43500,2827,480,3307,0.0,0.05395402298850575,0.05141298812233703,0.056495057854674464,tested,0.0,True
231701,4,mlp,8,rf,43500,2903,474,3377,0.0,0.05583908045977012,0.05327379380987895,0.058404367109661286,tested,0.0,True
231701,4,mlp,8,xgboost,43500,2887,485,3372,0.0,0.0552183908045977,0.05265389627135909,0.057782885337836314,tested,0.0,True
231701,4,rf,4,xgboost,43500,146,86,232,9.88104429925252e-05,0.001379310344827586,0.0006931299197703739,0.0020654907698847984,tested,0.025789525621049077,True
231701,4,rf,6,hybrid,43500,138,39,177,3.5854387158074326e-14,0.0022758620689655173,0.0016767861700500968,0.002874937967880938,tested,1.3624667120068243e-11,True
231701,4,rf,6,mlp,43500,546,186,732,6.94796697543882e-42,0.008275862068965517,0.00705927909775844,0.009492445040172595,tested,3.460087553768533e-39,True
231701,4,rf,6,rf,43500,124,28,152,1.284705154200816e-15,0.002206896551724138,0.0016517716325040565,0.0027620214709442193,tested,5.074585359093224e-13,True
231701,4,rf,6,xgboost,43500,144,41,185,1.2566577633860202e-14,0.002367816091954023,0.001755365276808842,0.002980266907099204,tested,4.863265544303898e-12,True
231701,4,rf,8,hybrid,43500,127,37,164,9.485274445833628e-13,0.0020689655172413794,0.0014922693838169058,0.002645661650665853,tested,3.4810957216209414e-10,True
231701,4,rf,8,mlp,43500,139,108,247,0.056060714404102464,0.0007126436781609196,4.533461892028455e-06,0.0014207538944298107,tested,1.0,False
231701,4,rf,8,rf,43500,132,19,151,5.175862923123505e-22,0.0025977011494252873,0.0020445577424143824,0.003150844556436192,tested,2.235972782789354e-19,True
231701,4,rf,8,xgboost,43500,132,46,178,8.024591151207604e-11,0.0019770114942528737,0.0013761501120036533,0.002577872876502094,tested,2.7845331294690384e-08,True
231701,4,xgboost,6,hybrid,43500,91,52,143,0.001398274935020517,0.000896551724137931,0.0003578024190040883,0.0014353010292717737,tested,0.3006291110294112,False
231701,4,xgboost,6,mlp,43500,487,187,674,1.0152610778415215e-31,0.006896551724137931,0.005728575084924967,0.008064528363350896,tested,4.8326427305256423e-29,True
231701,4,xgboost,6,rf,43500,99,63,162,0.005792604049686933,0.0008275862068965517,0.0002541443699903725,0.0014010280438027309,tested,1.0,False
231701,4,xgboost,6,xgboost,43500,97,54,151,0.0005846387710440832,0.0009885057471264369,0.00043490184129951965,0.001542109652953354,tested,0.13739011119535957,False
231701,4,xgboost,8,hybrid,43500,98,68,166,0.024103430673146863,0.000689655172413793,0.00010915977028479336,0.0012701505745427927,tested,1.0,False
231701,4,xgboost,8,mlp,43500,88,117,205,0.05024626565236795,-0.0006666666666666666,-0.0013117684715626763,-2.1564861770656963e-05,tested,1.0,False
231701,4,xgboost,8,rf,43500,111,58,169,5.56233723726147e-05,0.0012183908045977011,0.0006327488639613901,0.0018040327452340122,tested,0.015685791009077348,True
231701,4,xgboost,8,xgboost,43500,99,73,172,0.05630366806880822,0.0005977011494252873,6.797857250903086e-06,0.0011886044415996715,tested,1.0,False
231701,6,hybrid,6,mlp,43500,412,151,563,5.882119394042469e-29,0.006,0.004932369035445568,0.007067630964554432,tested,2.7234212794416633e-26,True
231701,6,hybrid,6,rf,43500,21,24,45,0.765991824244793,-6.896551724137931e-05,-0.00037122300257022204,0.00023329196808746338,tested,1.0,False
231701,6,hybrid,6,xgboost,43500,14,10,24,0.5412561893463135,9.195402298850575e-05,-0.00012878245015532315,0.00031269049613233467,tested,1.0,False
231701,6,hybrid,8,hybrid,43500,19,28,47,0.24296021728332556,-0.00020689655172413793,-0.0005157924433223608,0.00010199933987408485,tested,1.0,False
231701,6,hybrid,8,mlp,43500,14,82,96,7.242756461984744e-13,-0.0015632183908045978,-0.002004450233480819,-0.0011219865481283764,tested,2.6725771344723705e-10,True
231701,6,hybrid,8,rf,43500,37,23,60,0.09246098107292373,0.0003218390804597701,-2.7165497794455127e-05,0.0006708436587139954,tested,1.0,False
231701,6,hybrid,8,xgboost,43500,19,32,51,0.09191454981585423,-0.00029885057471264366,-0.0006206167231555437,2.2915573730256425e-05,tested,1.0,False
231701,6,mlp,6,rf,43500,172,436,608,2.148201121011286e-27,-0.006068965517241379,-0.007178525058639116,-0.004959405975843642,tested,9.795797111811463e-25,True
231701,6,mlp,6,xgboost,43500,165,422,587,6.2680165534134405e-27,-0.005908045977011494,-0.0069983018725360505,-0.004817790081486938,tested,2.8394114986962886e-24,True
231701,6,mlp,8,hybrid,43500,166,436,602,6.469432987936752e-29,-0.006206896551724138,-0.0073108854580069774,-0.005102907645441298,tested,2.98887804042678e-26,True
231701,6,mlp,8,mlp,43500,114,443,557,9.436640682076634e-47,-0.007563218390804598,-0.008624247170041512,-0.006502189611567685,tested,4.7655035444487e-44,True
231701,6,mlp,8,rf,43500,187,434,621,1.416234428618799e-23,-0.00567816091954023,-0.006799731561409065,-0.0045565902776713955,tested,6.217269141636528e-21,True
231701,6,mlp,8,xgboost,43500,166,440,606,1.4524137086280125e-29,-0.006298850574712644,-0.0074064655064278355,-0.005191235642997452,tested,6.797296156379099e-27,True
231701,6,rf,6,xgboost,43500,38,31,69,0.47036853185814453,0.00016091954022988506,-0.0002133571727654532,0.0005351962532252233,tested,1.0,False
231701,6,rf,8,hybrid,43500,14,20,34,0.39152830513194203,-0.00013793103448275863,-0.0004006588042856083,0.00012479673532009102,tested,1.0,False
231701,6,rf,8,mlp,43500,31,96,127,6.327437536723091e-09,-0.0014942528735632185,-0.002001836418485001,-0.0009866693286414362,tested,2.081726949581897e-06,True
231701,6,rf,8,rf,43500,18,1,19,7.62939453125e-05,0.00039080459770114945,0.0001944357171785351,0.0005871734782237638,tested,0.020283390107483208,True
231701,6,rf,8,xgboost,43500,20,30,50,0.20263875106454066,-0.00022988505747126436,-0.0005484858299876131,8.871571504508437e-05,tested,1.0,False
231701,6,xgboost,8,hybrid,43500,19,32,51,0.09191454981585423,-0.00029885057471264366,-0.0006206167231555437,2.291557373025637e-05,tested,1.0,False
231701,6,xgboost,8,mlp,43500,18,90,108,1.0657835390692565e-12,-0.0016551724137931034,-0.002123170353379816,-0.0011871744742063908,tested,3.900767752993479e-10,True
231701,6,xgboost,8,rf,43500,39,29,68,0.2749903961710005,0.00022988505747126436,-0.00014166635921469717,0.0006014364741572259,tested,1.0,False
231701,6,xgboost,8,xgboost,43500,13,30,43,0.0137181850586785,-0.00039080459770114945,-0.0006862467655820155,-9.536242982028335e-05,tested,1.0,False
231701,8,hybrid,8,mlp,43500,22,81,103,4.066928917928941e-09,-0.0013563218390804598,-0.0018134328119902472,-0.0008992108661706724,tested,1.3420865429165506e-06,True
231701,8,hybrid,8,rf,43500,26,3,29,1.5236437320709229e-05,0.0005287356321839081,0.0002861418154945345,0.0007713294488732817,tested,0.004494749009609222,True
231701,8,hybrid,8,xgboost,43500,6,10,16,0.454498291015625,-9.195402298850575e-05,-0.00027218390804597696,8.827586206896548e-05,tested,1.0,False
231701,8,mlp,8,rf,43500,107,25,132,2.7976456925235377e-13,0.001885057471264368,0.0013676837820975163,0.0024024311604312195,tested,1.0435218433112796e-10,True
231701,8,mlp,8,xgboost,43500,87,32,119,4.693404946065789e-07,0.001264367816091954,0.0007729868212396179,0.0017557488109442901,tested,0.00014643423431725261,True
231701,8,rf,8,xgboost,43500,9,36,45,6.57466324582856e-05,-0.0006206896551724138,-0.0009228915475496824,-0.00031848776279514536,tested,0.018014577293570255,True
257053,4,hybrid,4,mlp,43500,18,2556,2574,0.0,-0.0583448275862069,-0.060564097460949165,-0.05612555771146463,tested,0.0,True
257053,4,hybrid,4,rf,43500,26,86,112,1.100922308456013e-08,-0.001379310344827586,-0.001855983072293183,-0.0009026376173619892,tested,3.6000159486511626e-06,True
257053,4,hybrid,4,xgboost,43500,49,55,104,0.624143515844679,-0.00013793103448275863,-0.0005974323383131892,0.00032157026934767185,tested,1.0,False
257053,4,hybrid,6,hybrid,43500,88,55,143,0.007236668583844173,0.0007586206896551724,0.00021985267279564643,0.0012973887065146983,tested,1.0,False
257053,4,hybrid,6,mlp,43500,75,122,197,0.000997823615694285,-0.0010804597701149425,-0.0017127972690648362,-0.00044812227116504877,tested,0.21952119545274268,False
257053,4,hybrid,6,rf,43500,94,58,152,0.0043709380726187136,0.0008275862068965517,0.00027212845294117746,0.0013830439608519258,tested,0.8567038622332679,False
257053,4,hybrid,6,xgboost,43500,94,57,151,0.0032594073594768742,0.0008505747126436781,0.0002969505738990236,0.0014041988513883326,tested,0.6584002866143286,False
257053,4,hybrid,8,hybrid,43500,95,67,162,0.03357225212016418,0.0006436781609195402,7.021548884296588e-05,0.0012171408329961146,tested,1.0,False
257053,4,hybrid,8,mlp,43500,91,207,298,1.5063545924891625e-11,-0.0026666666666666666,-0.0034440843512607514,-0.0018892489820725817,tested,5.347558803336527e-09,True
257053,4,hybrid,8,rf,43500,101,54,155,0.0001986124230187889,0.0010804597701149425,0.0005195842293214122,0.0016413353109084729,tested,0.04885865606262207,True
257053,4,hybrid,8,xgboost,43500,94,74,168,0.14245334559436534,0.0004597701149425287,-0.0001242321903264393,0.0010437724202114968,tested,1.0,False
257053,4,mlp,4,rf,43500,2582,104,2686,0.0,0.05696551724137931,0.054692503817953396,0.05923853066480523,tested,0.0,True
257053,4,mlp,4,xgboost,43500,2605,73,2678,0.0,0.05820689655172414,0.055940242263822465,0.060473550839625814,tested,0.0,True
257053,4,mlp,6,hybrid,43500,2621,50,2671,0.0,0.05910344827586207,0.0568419837887005,0.061364912763023645,tested,0.0,True
257053,4,mlp,6,mlp,43500,2547,56,2603,0.0,0.057264367816091954,0.05502940322847175,0.059499332403712156,tested,0.0,True
257053,4,mlp,6,rf,43500,2638,64,2702,0.0,0.05917241379310345,0.056897235087632725,0.06144759249857418,tested,0.0,True
257053,4,mlp,6,xgboost,43500,2627,52,2679,0.0,0.05919540229885058,0.05693056174951797,0.06146024284818318,tested,0.0,True
257053,4,mlp,8,hybrid,43500,2628,62,2690,0.0,0.058988505747126434,0.05671826465492508,0.06125874683932779,tested,0.0,True
257053,4,mlp,8,mlp,43500,2569,147,2716,0.0,0.05567816091954023,0.053388990014845636,0.05796733182423483,tested,0.0,True
257053,4,mlp,8,rf,43500,2643,58,2701,0.0,0.05942528735632184,0.05715113711004306,0.06169943760260062,tested,0.0,True
257053,4,mlp,8,xgboost,43500,2627,69,2696,0.0,0.05880459770114942,0.056531254541699584,0.06107794086059926,tested,0.0,True
257053,4,rf,4,xgboost,43500,135,81,216,0.0002909041551563692,0.0012413793103448277,0.0005792675818485939,0.0019034910388410614,tested,0.07039880554784134,False
257053,4,rf,6,hybrid,43500,125,32,157,3.459546749074522e-14,0.0021379310344827587,0.0015737136554696582,0.0027021484134958592,tested,1.3180873113973929e-11,True
257053,4,rf,6,mlp,43500,141,128,269,0.4644454930365919,0.00029885057471264366,-0.00044015005788572214,0.0010378512073110095,tested,1.0,False
257053,4,rf,6,rf,43500,110,14,124,1.168693745938568e-19,0.002206896551724138,0.0017055808337772664,0.0027082122696710097,tested,4.885139858023214e-17,True
257053,4,rf,6,xgboost,43500,131,34,165,1.2438483814035563e-14,0.0022298850574712643,0.0016514841935918224,0.0028082859213507064,tested,4.826131719845799e-12,True
257053,4,rf,8,hybrid,43500,119,31,150,2.3439580458997407e-13,0.0020229885057471263,0.0014714706619552674,0.0025745063495389853,tested,8.76640309166503e-11,True
257053,4,rf,8,mlp,43500,134,190,324,0.0021973488615296337,-0.0012873563218390805,-0.002098309890905069,-0.000476402752773092,tested,0.4570485631981638,False
257053,4,rf,8,rf,43500,117,10,127,2.6834336811059986e-24,0.0024597701149425286,0.0019525187983907312,0.0029670214314943258,tested,1.1887611207299574e-21,True
257053,4,rf,8,xgboost,43500,118,38,156,9.738534504771362e-11,0.0018390804597701149,0.0012765717991941464,0.0024015891203460833,tested,3.369532938650891e-08,True
257053,4,xgboost,6,hybrid,43500,92,53,145,0.0015119110192637602,0.000896551724137931,0.0003540471079739437,0.0014390563403019183,tested,0.32203704710318093,False
257053,4,xgboost,6,mlp,43500,79,120,199,0.004455031170218081,-0.000942528735632184,-0.0015780881742801988,-0.00030696929698416895,tested,0.8687310781925258,False
257053,4,xgboost,6,rf,43500,103,61,164,0.0012955826170011112,0.0009655172413793104,0.00038856477999381963,0.001542469702764801,tested,0.28373259312324334,False
257053,4,xgboost,6,xgboost,43500,97,54,151,0.0005846387710440832,0.0009885057471264369,0.00043490184129951965,0.001542109652953354,tested,0.13739011119535957,False
257053,4,xgboost,8,hybrid,43500,105,71,176,0.012643640165002875,0.0007816091954022989,0.00018389255032483687,0.001379325840479761,tested,1.0,False
257053,4,xgboost,8,mlp,43500,100,210,310,3.9532725831110643e-10,-0.002528735632183908,-0.003321707392030522,-0.0017357638723372942,tested,1.3362061330915398e-07,True
257053,4,xgboost,8,rf,43500,111,58,169,5.56233723726147e-05,0.0012183908045977011,0.0006327488639613901,0.0018040327452340122,tested,0.015685791009077348,True
257053,4,xgboost,8,xgboost,43500,99,73,172,0.05630366806880822,0.0005977011494252873,6.797857250903086e-06,0.0011886044415996715,tested,1.0,False
257053,6,hybrid,6,mlp,43500,18,98,116,1.649105582505255e-14,-0.0018390804597701149,-0.002324062003421247,-0.001354098916118983,tested,6.349056492645232e-12,True
257053,6,hybrid,6,rf,43500,32,29,61,0.7981526273057179,6.896551724137931e-05,-0.0002829480313094112,0.00042087906579216987,tested,1.0,False
257053,6,hybrid,6,xgboost,43500,6,2,8,0.2890625,9.195402298850575e-05,-3.548628601803378e-05,0.00021939433199504526,tested,1.0,False
257053,6,hybrid,8,hybrid,43500,23,28,51,0.5758493477318467,-0.00011494252873563218,-0.0004367191205193745,0.00020683406304811011,tested,1.0,False
257053,6,hybrid,8,mlp,43500,23,172,195,2.1550739849956613e-29,-0.003425287356321839,-0.004053663999422515,-0.002796910713221163,tested,1.0021094030229824e-26,True
257053,6,hybrid,8,rf,43500,37,23,60,0.09246098107292373,0.0003218390804597701,-2.7165497794455127e-05,0.0006708436587139954,tested,1.0,False
257053,6,hybrid,8,xgboost,43500,19,32,51,0.09191454981585423,-0.00029885057471264366,-0.0006206167231555437,2.291557373025637e-05,tested,1.0,False
257053,6,mlp,6,rf,43500,130,47,177,3.381410353442414e-10,0.0019080459770114942,0.0013088566572786553,0.002507235296744333,tested,1.1462981098169783e-07,True
257053,6,mlp,6,xgboost,43500,104,20,124,6.960843757791697e-15,0.0019310344827586207,0.0014296182284316123,0.002432450737085629,tested,2.714729065538762e-12,True
257053,6,mlp,8,hybrid,43500,117,42,159,2.2244293327628214e-09,0.0017241379310344827,0.0011562093870984642,0.002292066474970501,tested,7.407349678100195e-07,True
257053,6,mlp,8,mlp,43500,46,115,161,5.2832089262927714e-08,-0.001586206896551724,-0.00215773432390007,-0.001014679469203378,tested,1.7011932742662723e-05,True
257053,6,mlp,8,rf,43500,134,40,174,4.664600328532994e-13,0.002160919540229885,0.00156691086709241,0.00275492821336736,tested,1.735231322214274e-10,True
257053,6,mlp,8,xgboost,43500,113,46,159,1.0872504072879225e-07,0.0015402298850574713,0.0009722546653882653,0.002108205104726677,tested,3.435711287029835e-05,True
257053,6,rf,6,xgboost,43500,35,34,69,1.0,2.2988505747126437e-05,-0.0003512912000024494,0.0003972682114967023,tested,1.0,False
257053,6,rf,8,hybrid,43500,17,25,42,0.27995623852893914,-0.0001839080459770115,-0.00047591207561344107,0.00010809598365941811,tested,1.0,False
257053,6,rf,8,mlp,43500,40,192,232,5.236954443472311e-25,-0.0034942528735632185,-0.004179769678137093,-0.0028087360689893442,tested,2.3409186362321233e-22,True
257053,6,rf,8,rf,43500,15,4,19,0.0192108154296875,0.0002528735632183908,5.648471909382104e-05,0.00044926240734296055,tested,1.0,False
257053,6,rf,8,xgboost,43500,16,32,48,0.029304946720529308,-0.000367816091954023,-0.0006799678606074238,-5.566432330062214e-05,tested,1.0,False
257053,6,xgboost,8,hybrid,43500,18,27,45,0.23269319190831084,-0.00020689655172413793,-0.0005091484782179556,9.535537476967979e-05,tested,1.0,False
257053,6,xgboost,8,mlp,43500,18,171,189,1.8240209950594614e-32,-0.003517241379310345,-0.004135803818967229,-0.002898678939653461,tested,8.77354098623601e-30,True
257053,6,xgboost,8,rf,43500,39,29,68,0.2749903961710005,0.00022988505747126436,-0.00014166635921469717,0.0006014364741572259,tested,1.0,False
257053,6,xgboost,8,xgboost,43500,13,30,43,0.0137181850586785,-0.00039080459770114945,-0.0006862467655820155,-9.536242982028335e-05,tested,1.0,False
257053,8,hybrid,8,mlp,43500,23,167,190,3.672857699355709e-28,-0.003310344827586207,-0.003930646744243076,-0.0026900429109293373,tested,1.6895145417036262e-25,True
257053,8,hybrid,8,rf,43500,28,9,37,0.0025632079923525453,0.0004367816091954023,0.00016273529949037408,0.0007108279189004306,tested,0.5254576384322718,False
257053,8,hybrid,8,xgboost,43500,0,8,8,0.0078125,-0.0001839080459770115,-0.00031133956528949576,-5.647652666452722e-05,tested,1.0,False
257053,8,mlp,8,rf,43500,195,32,227,1.0484340302630473e-29,0.003747126436781609,0.0030691732970321217,0.0044250795765310965,tested,4.9276399422363224e-27,True
257053,8,mlp,8,xgboost,43500,167,31,198,9.765660002940914e-24,0.0031264367816091956,0.002493095805750696,0.003759777757467695,tested,4.306656061296943e-21,True
257053,8,rf,8,xgboost,43500,9,36,45,6.57466324582856e-05,-0.0006206896551724138,-0.0009228915475496824,-0.00031848776279514536,tested,0.018014577293570255,True
282427,4,hybrid,4,mlp,43500,17,2886,2903,0.0,-0.06595402298850575,-0.06830127088048084,-0.06360677509653066,tested,0.0,True
282427,4,hybrid,4,rf,43500,27,91,118,2.6899026850690616e-09,-0.001471264367816092,-0.0019605240884534997,-0.0009820046471786842,tested,8.930476914429284e-07,True
282427,4,hybrid,4,xgboost,43500,53,54,107,1.0,-2.2988505747126437e-05,-0.0004890719198477436,0.00044309490835349073,tested,1.0,False
282427,4,hybrid,6,hybrid,43500,84,47,131,0.0015581706108055641,0.0008505747126436781,0.0003349244055261579,0.0013662250197611983,tested,0.3303321694907796,False
282427,4,hybrid,6,mlp,43500,69,521,590,8.172345258292118e-87,-0.010390804597701149,-0.011480894492195887,-0.009300714703206411,tested,4.290481260603362e-84,True
282427,4,hybrid,6,rf,43500,86,48,134,0.0013037586710986525,0.0008735632183908046,0.0003520438937128791,0.0013950825430687301,tested,0.28373259312324334,False
282427,4,hybrid,6,xgboost,43500,88,46,134,0.00035945913215013265,0.0009655172413793104,0.00044401223560925566,0.001487022247149365,tested,0.08562536124459984,False
282427,4,hybrid,8,hybrid,43500,84,57,141,0.028195308926877438,0.0006206896551724138,8.568747475240241e-05,0.0011556918355924253,tested,1.0,False
282427,4,hybrid,8,mlp,43500,79,610,689,1.5802916852559237e-102,-0.012206896551724139,-0.013384038685961741,-0.011029754417486536,tested,8.359743015003836e-100,True
282427,4,hybrid,8,rf,43500,94,43,137,1.5679422621501146e-05,0.0011724137931034483,0.0006451386524702889,0.0016996889337366078,tested,0.004609750250721337,True
282427,4,hybrid,8,xgboost,43500,88,63,151,0.05044785478187963,0.0005747126436781609,2.1057145372246032e-05,0.0011283681419840758,tested,1.0,False
282427,4,mlp,4,rf,43500,2913,108,3021,0.0,0.06448275862068965,0.06208149080734969,0.06688402643402962,tested,0.0,True
282427,4,mlp,4,xgboost,43500,2939,71,3010,0.0,0.06593103448275862,0.06353790385156663,0.06832416511395062,tested,0.0,True
282427,4,mlp,6,hybrid,43500,2947,41,2988,0.0,0.06680459770114942,0.06442296612237453,0.06918622927992432,tested,0.0,True
282427,4,mlp,6,mlp,43500,2461,44,2505,0.0,0.055563218390804595,0.05336935063485007,0.05775708614675912,tested,0.0,True
282427,4,mlp,6,rf,43500,2958,51,3009,0.0,0.06682758620689655,0.06443707740245237,0.06921809501134073,tested,0.0,True
282427,4,mlp,6,xgboost,43500,2949,38,2987,0.0,0.06691954022988506,0.06453861996537896,0.06930046049439115,tested,0.0,True
282427,4,mlp,8,hybrid,43500,2945,49,2994,0.0,0.06657471264367816,0.06418995726671196,0.06895946802064436,tested,0.0,True
282427,4,mlp,8,mlp,43500,2423,85,2508,0.0,0.05374712643678161,0.05154788147129405,0.05594637140226917,tested,0.0,True
282427,4,mlp,8,rf,43500,2965,45,3010,0.0,0.06712643678160919,0.06473624282868841,0.06951663073452997,tested,0.0,True
282427,4,mlp,8,xgboost,43500,2946,52,2998,0.0,0.06652873563218391,0.06414216496347858,0.06891530630088924,tested,0.0,True
282427,4,rf,4,xgboost,43500,144,81,225,3.2012204358182867e-05,0.0014482758620689654,0.0007725430767717004,0.00212400864736623,tested,0.009251527059514849,True
282427,4,rf,6,hybrid,43500,122,21,143,1.6486511560052312e-18,0.00232183908045977,0.0017834658802165968,0.002860212280702943,tested,6.742983228061396e-16,True
282427,4,rf,6,mlp,43500,136,524,660,1.3900655977304528e-54,-0.008919540229885057,-0.010074062044368165,-0.007765018415401949,tested,7.103235204402614e-52,True
282427,4,rf,6,rf,43500,122,20,142,4.795961866809294e-19,0.0023448275862068967,0.001808352045310193,0.0028813031271036,tested,1.9903241747258571e-16,True
282427,4,rf,6,xgboost,43500,142,36,178,4.322137896740141e-16,0.0024367816091954023,0.0018360693810470933,0.0030374938373437113,tested,1.7245330207993164e-13,True
282427,4,rf,8,hybrid,43500,124,33,157,1.3278183458872387e-13,0.0020919540229885057,0.0015277214237928351,0.002656186622184176,tested,5.00587516399489e-11,True
282427,4,rf,8,mlp,43500,131,598,729,4.3707040531998345e-72,-0.010735632183908045,-0.011948007340206394,-0.009523257027609696,tested,2.2771368117171138e-69,True
282427,4,rf,8,rf,43500,130,15,145,4.813511452666796e-24,0.0026436781609195403,0.002101677227288171,0.0031856790945509095,tested,2.127572062078724e-21,True
282427,4,rf,8,xgboost,43500,129,40,169,4.035970758311841e-12,0.002045977011494253,0.0014605388025449402,0.002631415220443566,tested,1.4529494729922625e-09,True
282427,4,xgboost,6,hybrid,43500,99,61,160,0.0033157326862451766,0.0008735632183908046,0.00030367885458179697,0.0014434475821998123,tested,0.6664622699352805,False
282427,4,xgboost,6,mlp,43500,85,536,621,6.0354245549268845e-81,-0.010367816091954023,-0.01148642014019455,-0.009249212043713496,tested,3.1625624667816875e-78,True
282427,4,xgboost,6,rf,43500,101,62,163,0.002802729240437867,0.000896551724137931,0.000321351531550545,0.001471751916725317,tested,0.5717567650493248,False
282427,4,xgboost,6,xgboost,43500,97,54,151,0.0005846387710440832,0.0009885057471264369,0.00043490184129951965,0.001542109652953354,tested,0.13739011119535957,False
282427,4,xgboost,8,hybrid,43500,96,68,164,0.034680697455632355,0.0006436781609195402,6.668606301676872e-05,0.0012206702588223118,tested,1.0,False
282427,4,xgboost,8,mlp,43500,88,618,706,6.4301331483101e-99,-0.01218390804597701,-0.013375640777574091,-0.01099217531437993,tested,3.395110302307733e-96,True
282427,4,xgboost,8,rf,43500,110,58,168,7.370834538660162e-05,0.0011954022988505746,0.0006114920653552658,0.0017793125323458834,tested,0.019753836563609236,True
282427,4,xgboost,8,xgboost,43500,99,73,172,0.05630366806880822,0.0005977011494252873,6.797857250903086e-06,0.0011886044415996715,tested,1.0,False
282427,6,hybrid,6,mlp,43500,22,511,533,4.1447890838679064e-122,-0.011241379310344827,-0.012276245645000149,-0.010206512975689506,tested,2.2298965271209337e-119,True
282427,6,hybrid,6,rf,43500,13,12,25,1.0,2.2988505747126437e-05,-0.00020230133654759491,0.0002482783480418478,tested,1.0,False
282427,6,hybrid,6,xgboost,43500,22,17,39,0.5223973804968411,0.00011494252873563218,-0.00016644245017713883,0.0003963275076484032,tested,1.0,False
282427,6,hybrid,8,hybrid,43500,7,17,24,0.06391465663909912,-0.00022988505747126436,-0.00045061265009741614,-9.157464845112578e-06,tested,1.0,False
282427,6,hybrid,8,mlp,43500,17,585,602,4.97490230585098e-149,-0.013057471264367817,-0.014156168876017627,-0.011958773652718007,tested,2.7113217566887844e-146,True
282427,6,hybrid,8,rf,43500,23,9,32,0.020061607006937265,0.0003218390804597701,6.697054814576512e-05,0.0005767076127737752,tested,1.0,False
282427,6,hybrid,8,xgboost,43500,11,23,34,0.05761267291381955,-0.00027586206896551725,-0.0005385802458651032,-1.3143892065931289e-05,tested,1.0,False
282427,6,mlp,6,rf,43500,524,34,558,6.684429410825165e-114,0.011264367816091954,0.010205284156202796,0.012323451475981111,tested,3.582854164202288e-111,True
282427,6,mlp,6,xgboost,43500,533,39,572,6.2794388607706935e-112,0.01135632183908046,0.010283989049335996,0.012428654628824925,tested,3.3532203516515504e-109,True
282427,6,mlp,8,hybrid,43500,511,32,543,3.618470618252195e-112,0.011011494252873563,0.009966648648341824,0.0120563398574053,tested,1.9358817807649242e-109,True
282427,6,mlp,8,mlp,43500,93,172,265,1.3953204181653315e-06,-0.0018160919540229886,-0.0025493842929877027,-0.0010827996150582742,tested,0.00043115400921308743,True
282427,6,mlp,8,rf,43500,531,28,559,1.5612493806132103e-121,0.011563218390804597,0.010503460902019063,0.012622975879590131,tested,8.383909173892939e-119,True
282427,6,mlp,8,xgboost,43500,515,38,553,6.3768352485992e-108,0.01096551724137931,0.00991095866186084,0.01202007582089778,tested,3.3860995170061752e-105,True
282427,6,rf,6,xgboost,43500,34,30,64,0.7079807541347641,9.195402298850575e-05,-0.00026850885459628993,0.0004524169005733014,tested,1.0,False
282427,6,rf,8,hybrid,43500,10,21,31,0.07075554598122835,-0.0002528735632183908,-0.0005037345740566738,-2.0125523801078752e-06,tested,1.0,False
282427,6,rf,8,mlp,43500,20,589,609,1.438697919003518e-146,-0.013080459770114943,-0.014185581904881889,-0.011975337635347997,tested,7.826516679379138e-144,True
282427,6,rf,8,rf,43500,15,2,17,0.002349853515625,0.00029885057471264366,0.00011309295555759106,0.0004846081938676963,tested,0.486419677734375,False
282427,6,rf,8,xgboost,43500,16,29,45,0.07245426016254441,-0.00029885057471264366,-0.0006010957069359239,3.3945575106366027e-06,tested,1.0,False
282427,6,xgboost,8,hybrid,43500,18,33,51,0.04887389231827033,-0.0003448275862068965,-0.000666589673259041,-2.3065499154752047e-05,tested,1.0,False
282427,6,xgboost,8,mlp,43500,16,589,605,1.9515574471977682e-151,-0.013172413793103448,-0.014273758810121773,-0.012071068776085124,tested,1.0675019236171792e-148,True
282427,6,xgboost,8,rf,43500,38,29,67,0.3284320626971897,0.00020689655172413793,-0.0001619138597566506,0.0005757069632049265,tested,1.0,False
282427,6,xgboost,8,xgboost,43500,13,30,43,0.0137181850586785,-0.00039080459770114945,-0.0006862467655820155,-9.536242982028335e-05,tested,1.0,False
282427,8,hybrid,8,mlp,43500,11,569,580,2.9322323929689806e-152,-0.012827586206896552,-0.013906009627232764,-0.01174916278656034,tested,1.6068633513470014e-149,True
282427,8,hybrid,8,rf,43500,27,3,30,8.430331945419312e-06,0.0005517241379310345,0.0003049858378825406,0.0007984624379795284,tested,0.002520669251680374,True
282427,8,hybrid,8,xgboost,43500,6,8,14,0.79052734375,-4.597701149425287e-05,-0.00021456801585730033,0.0001226139928687946,tested,1.0,False
282427,8,mlp,8,rf,43500,596,14,610,4.69848725558667e-156,0.013379310344827587,0.012273585783596129,0.014485034906059045,tested,2.5841679905726685e-153,True
282427,8,mlp,8,xgboost,43500,575,19,594,9.868648331049158e-144,0.0127816091954023,0.011690039604541218,0.01387317878626338,tested,5.348807395428644e-141,True
282427,8,rf,8,xgboost,43500,9,35,44,0.00010604466626773501,-0.0005977011494252873,-0.0008965292521401646,-0.00029887304671041,tested,0.027571613229611103,True
307759,4,hybrid,4,mlp,43504,192,2132,2324,0.0,-0.04459360058845164,-0.04672474201008298,-0.042462459166820295,tested,0.0,True
307759,4,hybrid,4,rf,43504,24,35,59,0.19252645776146274,-0.000252850312614932,-0.0005989073150006437,9.32066897707798e-05,tested,1.0,False
307759,4,hybrid,4,xgboost,43504,56,109,165,4.487254894911806e-05,-0.001218278778962854,-0.0017968926660047858,-0.0006396648919209222,tested,0.01274380390154953,True
307759,4,hybrid,6,hybrid,43504,95,14,109,5.770921348674695e-16,0.0018618977565281354,0.0013918473138969272,0.002331948199159344,tested,2.291055775423854e-13,True
307759,4,hybrid,6,mlp,43504,238,516,754,1.8648823419967764e-24,-0.006390216991541008,-0.007625895026243012,-0.005154538956839004,tested,8.280077598465687e-22,True
307759,4,hybrid,6,rf,43504,109,36,145,9.906754734264702e-10,0.001678006620080912,0.0011357156754727505,0.0022202975646890737,tested,3.32866959071294e-07,True
307759,4,hybrid,6,xgboost,43504,100,28,128,1.0951459896285749e-10,0.0016550202280250091,0.0011455314645570417,0.0021645089914929766,tested,3.778253664218583e-08,True
307759,4,hybrid,8,hybrid,43504,92,35,127,4.3609050114827153e-07,0.0013102243471864656,0.0008026425941432729,0.0018178061002296583,tested,0.00013649632685940898,True
307759,4,hybrid,8,mlp,43504,244,314,558,0.003452245495630942,-0.0016090474439132035,-0.0026732030470417102,-0.0005448918407846967,tested,0.6835446081349266,False
307759,4,hybrid,8,rf,43504,112,36,148,2.8414892673228005e-10,0.001746965796248621,0.001199108005159232,0.00229482358733801,tested,9.68947840157075e-08,True
307759,4,hybrid,8,xgboost,43504,98,51,149,0.00014628394729286552,0.0010803604266274365,0.000530501862415007,0.001630218990839866,tested,0.03686355471780211,True
307759,4,mlp,4,rf,43504,2156,227,2383,0.0,0.044340750275836706,0.042181233985086455,0.046500266566586956,tested,0.0,True
307759,4,mlp,4,xgboost,43504,2188,301,2489,0.0,0.04337532180948878,0.04116485744045436,0.045585786178523206,tested,0.0,True
307759,4,mlp,6,hybrid,43504,2197,176,2373,0.0,0.04645549834497977,0.04430462497054875,0.04860637171941079,tested,0.0,True
307759,4,mlp,6,mlp,43504,2026,364,2390,1.4452506083839563e-278,0.038203383596910626,0.03603026234560645,0.040376504848214805,tested,7.9633308521956e-276,True
307759,4,mlp,6,rf,43504,2214,201,2415,0.0,0.04627160720853255,0.044100659095462076,0.04844255532160303,tested,0.0,True
307759,4,mlp,6,xgboost,43504,2191,179,2370,0.0,0.04624862081647665,0.04409876958814123,0.04839847204481206,tested,0.0,True
307759,4,mlp,8,hybrid,43504,2192,195,2387,0.0,0.045903824935638105,0.04374531304747222,0.04806233682380399,tested,0.0,True
307759,4,mlp,8,mlp,43504,2042,172,2214,0.0,0.04298455314453843,0.04090346585839438,0.04506564043068248,tested,0.0,True
307759,4,mlp,8,rf,43504,2215,199,2414,0.0,0.04634056638470026,0.0441702157461209,0.048510917023279615,tested,0.0,True
307759,4,mlp,8,xgboost,43504,2188,201,2389,0.0,0.045673961015079076,0.0435140785737631,0.047833843456395055,tested,0.0,True
307759,4,rf,4,xgboost,43504,91,133,224,0.006030189761315416,-0.000965428466347922,-0.001639671659463546,-0.0002911852732322981,tested,1.0,False
307759,4,rf,6,hybrid,43504,121,29,150,1.4617211813693968e-14,0.002114748069143067,0.0015633113653954148,0.0026661847728907196,tested,5.642243760085872e-12,True
307759,4,rf,6,mlp,43504,266,533,799,2.099470264610787e-21,-0.006137366678926076,-0.007409578584763908,-0.004865154773088244,tested,8.98573273253417e-19,True
307759,4,rf,6,rf,43504,118,34,152,4.623806648239508e-12,0.001930856932695844,0.001375692243524078,0.00248602162186761,tested,1.6599465867179834e-09,True
307759,4,rf,6,xgboost,43504,126,43,169,1.1945380237494977e-10,0.0019078705406399411,0.0013224450046527795,0.002493296076627103,tested,4.109210801698272e-08,True
307759,4,rf,8,hybrid,43504,117,49,166,1.3453155550924196e-07,0.0015630746598013976,0.0009827823253489663,0.002143366994253829,tested,4.2377439985411214e-05,True
307759,4,rf,8,mlp,43504,272,331,603,0.018106072649100694,-0.0013561971312982715,-0.0024624686008865,-0.0002499256617100427,tested,1.0,False
307759,4,rf,8,rf,43504,125,38,163,4.955594107767386e-12,0.001999816108863553,0.0014249141730861463,0.0025747180446409595,tested,1.7741026905807243e-09,True
307759,4,rf,8,xgboost,43504,123,65,188,2.8117586607301452e-05,0.0013332107392423685,0.0007155905784647259,0.0019508309000200112,tested,0.00815410011611742,True
307759,4,xgboost,6,hybrid,43504,147,13,160,6.571308624467092e-30,0.0030801765354909892,0.002511020983364885,0.0036493320876170936,tested,3.0950863621240004e-27,True
307759,4,xgboost,6,mlp,43504,294,519,813,2.651381066601751e-15,-0.005171938212578154,-0.0064556458038375585,-0.00388823062131875,tested,1.041992759174488e-12,True
307759,4,xgboost,6,rf,43504,158,32,190,3.160107340034848e-21,0.002896285399043766,0.0022758576716767247,0.0035167131264108075,tested,1.34936583419488e-18,True
307759,4,xgboost,6,xgboost,43504,151,26,177,1.2656782126160675e-22,0.002873299006987863,0.002274505020318018,0.003472092993657708,tested,5.518357007006054e-20,True
307759,4,xgboost,8,hybrid,43504,145,35,180,4.132821412730576e-17,0.00252850312614932,0.0019245095348743063,0.0031324967174243333,tested,1.6655270293304222e-14,True
307759,4,xgboost,8,mlp,43504,300,317,617,0.5195205512956662,-0.0003907686649503494,-0.0015098769646759785,0.0007283396347752796,tested,1.0,False
307759,4,xgboost,8,rf,43504,162,33,195,1.2094089884805531e-21,0.002965244575211475,0.0023367192247840435,0.0035937699256389064,tested,5.188364560581572e-19,True
307759,4,xgboost,8,xgboost,43504,151,51,202,1.1134318859529726e-12,0.0022986392055902903,0.0016586681739354475,0.002938610237245133,tested,4.06402638372835e-10,True
307759,6,hybrid,6,mlp,43504,173,532,705,2.4757943015405497e-43,-0.008252114748069143,-0.009445861011661843,-0.007058368484476443,tested,1.242848739373356e-40,True
307759,6,hybrid,6,rf,43504,17,25,42,0.27995623852893914,-0.00018389113644722325,-0.0004758683177688682,0.00010808604487442169,tested,1.0,False
307759,6,hybrid,6,xgboost,43504,7,16,23,0.0931396484375,-0.00020687752850312614,-0.00042293943871136633,9.184381705114048e-06,tested,1.0,False
307759,6,hybrid,8,hybrid,43504,6,30,36,6.960169412195683e-05,-0.0005516734093416697,-0.0008219467722236817,-0.0002814000464596578,tested,0.01878537228363977,True
307759,6,hybrid,8,mlp,43504,172,323,495,1.0890850644270156e-11,-0.003470945200441339,-0.00447279918966011,-0.0024690912112225677,tested,3.877142829360176e-09,True
307759,6,hybrid,8,rf,43504,22,27,49,0.5681724128491652,-0.00011493196027951453,-0.00043030703465969303,0.000200443114100664,tested,1.0,False
307759,6,hybrid,8,xgboost,43504,12,46,58,8.219663963332515e-06,-0.0007815373299006988,-0.0011245785925363063,-0.0004384960672650913,tested,0.0024658991889997543,True
307759,6,mlp,6,rf,43504,549,198,747,5.614759457349296e-39,0.00806822361162192,0.006839179745434837,0.009297267477809002,tested,2.7736911719305522e-36,True
307759,6,mlp,6,xgboost,43504,539,189,728,8.301474935325468e-40,0.008045237219566017,0.006831971213804236,0.009258503225327798,tested,4.117531567921432e-37,True
307759,6,mlp,8,hybrid,43504,531,196,727,1.5911710916247454e-36,0.007700441338727474,0.00648781444972232,0.008913068227732628,tested,7.828561770793748e-34,True
307759,6,mlp,8,mlp,43504,283,75,358,1.5255565815747653e-29,0.004781169547627804,0.003929895612229157,0.005632443483026451,tested,7.109093670138407e-27,True
307759,6,mlp,8,rf,43504,550,196,746,1.0591072117545222e-39,0.008137182787789628,0.006909005157166236,0.009365360418413021,tested,5.242580698184885e-37,True
307759,6,mlp,8,xgboost,43504,537,212,749,2.3080060990302234e-33,0.007470577418168444,0.006239549961093286,0.008701604875243603,tested,1.1147669458315978e-30,True
307759,6,rf,6,xgboost,43504,32,33,65,1.0,-2.2986392055902906e-05,-0.0003862220488104121,0.00034024926469860634,tested,1.0,False
307759,6,rf,8,hybrid,43504,27,43,70,0.07223792719176257,-0.0003677822728944465,-0.0007447139505552761,9.14940476638308e-06,tested,1.0,False
307759,6,rf,8,mlp,43504,194,337,531,5.682678376019832e-10,-0.0032870540639941153,-0.004324789928111226,-0.002249318199877005,tested,1.9150626127186834e-07,True
307759,6,rf,8,rf,43504,23,20,43,0.7607916425613439,6.895917616770872e-05,-0.0002264779401766506,0.0003643962925120681,tested,1.0,False
307759,6,rf,8,xgboost,43504,33,59,92,0.008780930806975229,-0.0005976461934534755,-0.0010297510097148803,-0.00016554137719207077,tested,1.0,False
307759,6,xgboost,8,hybrid,43504,18,33,51,0.04887389231827033,-0.0003447958808385436,-0.0006665283844529792,-2.3063377224107995e-05,tested,1.0,False
307759,6,xgboost,8,mlp,43504,184,326,510,3.3114810603867216e-10,-0.0032640676719382124,-0.004281064324426274,-0.0022470710194501505,tested,1.1259035605314854e-07,True
307759,6,xgboost,8,rf,43504,37,33,70,0.7202027723528612,9.194556822361162e-05,-0.00028500096347780827,0.0004688920999250315,tested,1.0,False
307759,6,xgboost,8,xgboost,43504,8,33,41,0.00011222142620681552,-0.0005746598013975726,-0.0008630946288795985,-0.0002862249739155467,tested,0.02906534938756522,True
307759,8,hybrid,8,mlp,43504,187,314,501,1.5254349924354562e-08,-0.002919271791099669,-0.00392734015103644,-0.001911203431162898,tested,4.942409375490879e-06,True
307759,8,hybrid,8,rf,43504,23,4,27,0.000310748815536499,0.00043674144906215523,0.00020267077427564114,0.0006708121238486693,tested,0.07489046454429626,False
307759,8,hybrid,8,xgboost,43504,6,16,22,0.052478790283203125,-0.00022986392055902906,-0.00044117415093636824,-1.855369018168986e-05,tested,1.0,False
307759,8,mlp,8,rf,43504,337,191,528,2.1521416887437584e-10,0.003356013240161824,0.0023212351367895984,0.00439079134353405,tested,7.360324575503654e-08,True
307759,8,mlp,8,xgboost,43504,320,203,523,3.530448051997765e-07,0.00268940787054064,0.0016593727520180515,0.0037194429890632288,tested,0.00011085606883272981,True
307759,8,rf,8,xgboost,43504,10,39,49,3.845911694355664e-05,-0.0006666053696211843,-0.0009819200757050085,-0.00035129066353736013,tested,0.011037766562800755,True
333019,4,hybrid,4,mlp,43964,440,2477,2917,0.0,-0.046333363661177324,-0.04870195390973714,-0.04396477341261751,tested,0.0,True
333019,4,hybrid,4,rf,43964,17,142,159,9.536102289728918e-26,-0.002843235374397234,-0.0034047698853065045,-0.0022817008634879636,tested,4.2817099280882843e-23,True
333019,4,hybrid,4,xgboost,43964,121,115,236,0.7449019490852559,0.00013647529797106722,-0.0005484119174892559,0.0008213625134313904,tested,1.0,False
333019,4,hybrid,6,hybrid,43964,180,9,189,1.8740302883042116e-42,0.0038895459921754164,0.0032777182011045746,0.004501373783246258,tested,9.351411138638015e-40,True
333019,4,hybrid,6,mlp,43964,557,523,1080,0.31530218574515345,0.0007733600218360477,-0.0006917505507048096,0.002238470594376905,tested,1.0,False
333019,4,hybrid,6,rf,43964,180,20,200,2.255860572918924e-33,0.0036393412792284597,0.003009768896368719,0.0042689136620882,tested,1.0918365172927592e-30,True
333019,4,hybrid,6,xgboost,43964,177,18,195,5.1168552672035676e-34,0.0036165953962332817,0.0029949541505339236,0.004238236641932639,tested,2.4919085151281375e-31,True
333019,4,hybrid,8,hybrid,43964,179,28,207,3.9171566545657357e-28,0.003434628332271859,0.0027940027917857497,0.0040752538727579675,tested,1.7979749044456726e-25,True
333019,4,hybrid,8,mlp,43964,592,143,735,1.0643856467524565e-65,0.010212901464834865,0.00900800847700394,0.01141779445266579,tested,5.513517650177725e-63,True
333019,4,hybrid,8,rf,43964,192,31,223,1.511038734677614e-29,0.0036620871622236374,0.00299721008390045,0.004326964240546825,tested,7.056550890944458e-27,True
333019,4,hybrid,8,xgboost,43964,179,34,213,5.721066316058845e-25,0.0032981530343007917,0.0026482246245205197,0.003948081444081064,tested,2.5515955769622447e-22,True
333019,4,mlp,4,rf,43964,2494,582,3076,5.164114351752839e-280,0.043490128286780096,0.04105116052386399,0.0459290960496962,tested,2.850591122167567e-277,True
333019,4,mlp,4,xgboost,43964,2598,555,3153,4.8979960766e-314,0.04646983895914839,0.04400444139270516,0.048935236525591626,tested,2.7085918303756e-311,True
333019,4,mlp,6,hybrid,43964,2624,416,3040,0.0,0.05022290965335274,0.047810053173437984,0.0526357661332675,tested,0.0,True
333019,4,mlp,6,mlp,43964,2467,396,2863,0.0,0.04710672368301337,0.04476224608849,0.049451201277536744,tested,0.0,True
333019,4,mlp,6,rf,43964,2630,433,3063,0.0,0.04997270494040579,0.047549941708285706,0.05239546817252587,tested,0.0,True
333019,4,mlp,6,xgboost,43964,2621,425,3046,0.0,0.049949959057410606,0.04753413803945554,0.05236578007536567,tested,0.0,True
333019,4,mlp,8,hybrid,43964,2620,432,3052,0.0,0.04976799199344919,0.04734937620264725,0.052186607784251125,tested,0.0,True
333019,4,mlp,8,mlp,43964,2587,101,2688,0.0,0.05654626512601219,0.054296098916378065,0.05879643133564632,tested,0.0,True
333019,4,mlp,8,rf,43964,2634,436,3070,0.0,0.04999545082340096,0.047569858908198745,0.05242104273860318,tested,0.0,True
333019,4,mlp,8,xgboost,43964,2622,440,3062,0.0,0.04963151669547812,0.047208550811258986,0.052054482579697255,tested,0.0,True
333019,4,rf,4,xgboost,43964,263,132,395,4.0823574792255176e-11,0.0029797106723683012,0.0020940901608168102,0.0038653311839197922,tested,1.4288251177289312e-08,True
333019,4,rf,6,hybrid,43964,307,11,318,2.7467447543183294e-76,0.00673278136657265,0.005940257719616832,0.007525305013528468,tested,1.433800761754168e-73,True
333019,4,rf,6,mlp,43964,685,526,1211,5.455285900863069e-06,0.0036165953962332817,0.002065520578478383,0.0051676702139881805,tested,0.00165295162796151,True
333019,4,rf,6,rf,43964,302,17,319,1.3255180213995831e-68,0.006482576653625694,0.005688618053238137,0.00727653525401325,tested,6.892693711277832e-66,True
333019,4,rf,6,xgboost,43964,310,26,336,6.930977255928049e-63,0.006459830770630516,0.005644855263538674,0.007274806277722357,tested,3.5763842640588733e-60,True
333019,4,rf,8,hybrid,43964,312,36,348,5.097288794453171e-56,0.006277863706669093,0.005448262151054641,0.007107465262283545,tested,2.614909151554477e-53,True
333019,4,rf,8,mlp,43964,726,152,878,2.276744303256105e-90,0.013056136839232098,0.011740761666799916,0.01437151201166428,tested,1.1975675035127112e-87,True
333019,4,rf,8,rf,43964,313,27,340,6.953523506764426e-63,0.006505322536620872,0.005685515295098972,0.007325129778142772,tested,3.5810646059836794e-60,True
333019,4,rf,8,xgboost,43964,312,42,354,4.064380227269303e-52,0.006141388408698025,0.005304541702211888,0.006978235115184163,tested,2.068769535680075e-49,True
333019,4,xgboost,6,hybrid,43964,174,9,183,8.929600498958943e-41,0.003753070694204349,0.0031509919402872735,0.004355149448121424,tested,4.438011447982595e-38,True
333019,4,xgboost,6,mlp,43964,560,532,1092,0.4139076489071854,0.0006368847238649804,-0.0008363487718021291,0.00211011821953209,tested,1.0,False
333019,4,xgboost,6,rf,43964,174,20,194,7.639774957766442e-32,0.0035028659812573926,0.0028827684102352875,0.004122963552279498,tested,3.6518124298123595e-29,True
333019,4,xgboost,6,xgboost,43964,169,16,185,2.076371026152986e-33,0.0034801200982622145,0.0028746066523668993,0.00408563354415753,tested,1.0091163187103512e-30,True
333019,4,xgboost,8,hybrid,43964,175,30,205,4.266391409884602e-26,0.0032981530343007917,0.002660574656511516,0.003935731412090067,tested,1.9241425258579557e-23,True
333019,4,xgboost,8,mlp,43964,599,156,755,5.648473350342097e-62,0.010076426166863798,0.008855049505548013,0.011297802828179583,tested,2.903315302075838e-59,True
333019,4,xgboost,8,rf,43964,186,31,217,3.9197531646233115e-28,0.0035256118642525702,0.0028696990010441256,0.004181524727461015,tested,1.7979749044456726e-25,True
333019,4,xgboost,8,xgboost,43964,173,34,207,1.2823436375046921e-23,0.0031616777363297245,0.0025209294140971575,0.0038024260585622915,tested,5.642312005020646e-21,True
333019,6,hybrid,6,mlp,43964,415,552,967,1.1849075349096963e-05,-0.0031161859703393684,-0.0045022431912233,-0.001730128749455437,tested,0.003519175378681798,True
333019,6,hybrid,6,rf,43964,6,17,23,0.03468966484069824,-0.0002502047129469566,-0.000464001780127193,-3.64076457667202e-05,tested,1.0,False
333019,6,hybrid,6,xgboost,43964,3,15,18,0.007537841796875,-0.00027295059594213445,-0.0004620806500192289,-8.382054186503997e-05,tested,1.0,False
333019,6,hybrid,8,hybrid,43964,15,35,50,0.006600447966810918,-0.00045491765990355747,-0.0007701344166987148,-0.00013970090310840006,tested,1.0,False
333019,6,hybrid,8,mlp,43964,440,162,602,1.2561855620653497e-30,0.006323355472659449,0.005231092930113661,0.007415618015205237,tested,5.954319564189758e-28,True
333019,6,hybrid,8,rf,43964,20,30,50,0.20263875106454066,-0.00022745882995177873,-0.0005426970995779999,8.777943967444243e-05,tested,1.0,False
333019,6,hybrid,8,xgboost,43964,18,44,62,0.0012990027709550095,-0.0005913929578746247,-0.0009423918908422923,-0.00024039402490695714,tested,0.28373259312324334,False
333019,6,mlp,6,rf,43964,558,432,990,6.957545290236952e-05,0.002865981257392412,0.0014634834616158291,0.004268479053168996,tested,0.01878537228363977,True
333019,6,mlp,6,xgboost,43964,555,430,985,7.625334626873386e-05,0.002843235374397234,0.001444280962701829,0.004242189786092639,tested,0.020283390107483208,True
333019,6,mlp,8,hybrid,43964,554,437,991,0.0002253334734595866,0.0026612683104358112,0.0012580268721043965,0.004064509748767226,tested,0.05475603405067954,False
333019,6,mlp,8,mlp,43964,451,36,487,2.18719739733879e-92,0.009439541442998817,0.008459657808004997,0.010419425077992638,tested,1.1526530283975424e-89,True
333019,6,mlp,8,rf,43964,562,435,997,6.456695752814505e-05,0.00288872714038759,0.0014812820134291927,0.0042961722673459865,tested,0.01775591332023989,True
333019,6,mlp,8,xgboost,43964,557,446,1003,0.000507992871192617,0.002524793012464744,0.001113056668110185,0.003936529356819303,tested,0.11988631760145763,False
333019,6,rf,6,xgboost,43964,20,21,41,1.0,-2.2745882995177874e-05,-0.00030821269125465777,0.00026272092526430206,tested,1.0,False
333019,6,rf,8,hybrid,43964,25,34,59,0.2975952082844287,-0.00020471294695660085,-0.0005471518019159271,0.00013772590800272534,tested,1.0,False
333019,6,rf,8,mlp,43964,456,167,623,6.26926635735727e-32,0.006573560185606405,0.005462481899201951,0.00768463847201086,tested,3.002978585174132e-29,True
333019,6,rf,8,rf,43964,22,21,43,1.0,2.2745882995177874e-05,-0.00026960063420937474,0.00031509240019973045,tested,1.0,False
333019,6,rf,8,xgboost,43964,29,44,73,0.10064367752023572,-0.00034118824492766807,-0.0007220874070867688,3.971091723143261e-05,tested,1.0,False
333019,6,xgboost,8,hybrid,43964,21,29,50,0.3222363203575469,-0.000181967063961423,-0.0004972079150287163,0.00013327378710587025,tested,1.0,False
333019,6,xgboost,8,mlp,43964,449,159,608,5.7736174341851265e-33,0.006596306068601583,0.005498738359575279,0.007693873777627888,tested,2.7828836032772308e-30,True
333019,6,xgboost,8,rf,43964,32,30,62,0.8990763136528589,4.549176599035575e-05,-0.00030555044198297184,0.0003965339739636834,tested,1.0,False
333019,6,xgboost,8,xgboost,43964,21,35,56,0.08142681460950618,-0.0003184423619324902,-0.0006520534963825753,1.5168772517594844e-05,tested,1.0,False
333019,8,hybrid,8,mlp,43964,454,156,610,1.1033453123510978e-34,0.006778273132563006,0.005678992732682887,0.007877553532443125,tested,5.395358577396868e-32,True
333019,8,hybrid,8,rf,43964,14,4,18,0.0308837890625,0.00022745882995177873,3.832351707631055e-05,0.00041659414282724694,tested,1.0,False
333019,8,hybrid,8,xgboost,43964,6,12,18,0.237884521484375,-0.00013647529797106722,-0.0003256182597467999,5.2667663804665426e-05,tested,1.0,False
333019,8,mlp,8,rf,43964,170,458,628,1.8787548098793114e-31,-0.006550814302611227,-0.007666367534511718,-0.005435261070710736,tested,8.924085346926729e-29,True
333019,8,mlp,8,xgboost,43964,162,466,628,5.108491503314447e-35,-0.006914748430534074,-0.008030109711962637,-0.0057993871491055105,tested,2.5031608366240794e-32,True
333019,8,rf,8,xgboost,43964,10,26,36,0.011330984183587134,-0.000363934127922846,-0.0006314071198618581,-9.646113598383389e-05,tested,1.0,False
