comparison_type,stratum,metric,left,right,matched_seeds,mean_difference_left_minus_right,difference_ci95_low,difference_ci95_high,paired_t_p,status,p_holm,significant_after_holm_0.05
feature_set,hybrid,accuracy,4,6,10,-0.0015797078342220106,-0.0024538626332721736,-0.0007055530351718475,0.0027251672756478875,tested,0.40332475679588736,False
feature_set,hybrid,precision,4,6,10,-0.002708348479719991,-0.0029718962979343776,-0.002444800661505604,2.400006362460595e-09,tested,6.312016733271364e-07,True
feature_set,hybrid,recall,4,6,10,-0.00034225393191443797,-0.0019399810606697942,0.0012554731968409181,0.6395470220327604,tested,1.0,False
feature_set,hybrid,f1,4,6,10,-0.0015437060491536258,-0.0024179447200499875,-0.0006694673782572639,0.003136571769690341,tested,0.4610760501444801,False
feature_set,hybrid,roc_auc,4,6,10,-0.0006747805239249116,-0.0008663546098871007,-0.00048320643796272253,2.2855078276484172e-05,tested,0.004662435968402771,True
feature_set,hybrid,pr_auc_benign,4,6,10,-0.0005616721696804161,-0.0007624146255592458,-0.0003609297138015865,0.000136143882992529,tested,0.02613962553456557,True
feature_set,hybrid,pr_auc_ddos,4,6,10,-0.0007788614034567098,-0.0009460224770119093,-0.0006117003299015104,2.305513347738152e-06,tested,0.0004979908831114409,True
feature_set,hybrid,balanced_accuracy,4,6,10,-0.0015809963670138205,-0.0024537057224989466,-0.0007082870115286946,0.0026842641545204503,tested,0.39995535902354706,False
feature_set,hybrid,mcc,4,6,10,-0.0031230911046530863,-0.004895352857733666,-0.0013508293515725064,0.003175005024840815,tested,0.46355073362675897,False
feature_set,hybrid,accuracy,4,8,10,-0.0012353764847133019,-0.0020242728706937447,-0.0004464800987328592,0.006290021309900008,tested,0.7988327063573011,False
feature_set,hybrid,precision,4,8,10,-0.0025527145313200992,-0.00293893969137569,-0.0021664893712645085,1.1602866345858051e-07,tested,2.6106449278180614e-05,True
feature_set,hybrid,recall,4,8,10,0.00019057887542983654,-0.001688312789973721,0.002069470540833394,0.8236456836021965,tested,1.0,False
feature_set,hybrid,f1,4,8,10,-0.0012004665381209034,-0.0019965216826804133,-0.00040441139356139357,0.007732744269962209,tested,0.9743257780152382,False
feature_set,hybrid,roc_auc,4,8,10,-0.0006460902631353682,-0.0008207153287341559,-0.00047146519753658053,1.5401390013998724e-05,tested,0.0031572849528697386,True
feature_set,hybrid,pr_auc_benign,4,8,10,-0.0004888493602685174,-0.0006661723939012224,-0.00031152632663581227,0.00015208943777120684,tested,0.0288969931765293,True
feature_set,hybrid,pr_auc_ddos,4,8,10,-0.0008055023735209721,-0.0009514090277150132,-0.000659595719326931,5.476810907733696e-07,tested,0.0001188467966978212,True
feature_set,hybrid,balanced_accuracy,4,8,10,-0.0012361248416060677,-0.0020236574324406743,-0.00044859225077146104,0.006208871457696646,tested,0.7947355465851706,False
feature_set,hybrid,mcc,4,8,10,-0.00243239480758104,-0.0040462697702702295,-0.0008185198448918502,0.007756113614912357,tested,0.9743257780152382,False
feature_set,hybrid,accuracy,6,8,10,0.00034433134950870856,0.00018661349597528075,0.0005020492030421363,0.0008035999664856631,tested,0.13459766631359266,False
feature_set,hybrid,precision,6,8,10,0.0001556339483998914,-0.0003429349897960334,0.0006542028865958163,0.4979611177007136,tested,1.0,False
feature_set,hybrid,recall,6,8,10,0.0005328328073442746,0.0001788582930485814,0.0008868073216399678,0.0078088288707160525,tested,0.9743257780152382,False
feature_set,hybrid,f1,6,8,10,0.00034323951103272244,0.00019150079083940226,0.0004949782312260426,0.0006304406497038517,tested,0.10906623239876635,False
feature_set,hybrid,roc_auc,6,8,10,2.8690260789543397e-05,-0.0001555094871378747,0.00021289000871696148,0.7326895639299276,tested,1.0,False
feature_set,hybrid,pr_auc_benign,6,8,10,7.282280941189878e-05,-0.00012847147485742314,0.0002741170936812207,0.43426893054197413,tested,1.0,False
feature_set,hybrid,pr_auc_ddos,6,8,10,-2.6640970064262248e-05,-0.0002016143028719872,0.00014833236274346272,0.7384342817088789,tested,1.0,False
feature_set,hybrid,balanced_accuracy,6,8,10,0.0003448715254077528,0.00018586466540553083,0.0005038783854099748,0.0008401829104984041,tested,0.1394703631427351,False
feature_set,hybrid,mcc,6,8,10,0.0006906962970720465,0.00038338871984708875,0.0009980038742970043,0.0006589323199282752,tested,0.11333635902766333,False
feature_set,mlp,accuracy,4,6,10,-0.05521097251245514,-0.06118791896040268,-0.049234026064507594,6.165942206344791e-09,tested,1.5168217827608186e-06,True
feature_set,mlp,precision,4,6,10,-0.053578203194219465,-0.060922927853574005,-0.046233478534864925,4.912130387532659e-08,tested,1.1494385106826422e-05,True
feature_set,mlp,recall,4,6,10,-0.05591517109593928,-0.06500565400064674,-0.046824688191231804,2.1623700885726072e-07,tested,4.8220852975169144e-05,True
feature_set,mlp,f1,4,6,10,-0.05473187865925527,-0.06088298971688389,-0.048580767601626655,8.581126974387153e-09,tested,2.0852138547760783e-06,True
feature_set,mlp,roc_auc,4,6,10,-0.02130969387716881,-0.029177493543738185,-0.013441894210599435,0.00017347921428582334,tested,0.03226713385716314,True
feature_set,mlp,pr_auc_benign,4,6,10,-0.03530489924083065,-0.05593307524987594,-0.014676723231785357,0.0037791966428416496,tested,0.5442043165691975,False
feature_set,mlp,pr_auc_ddos,4,6,10,-0.016420731786302333,-0.02064809259576216,-0.012193370976842505,1.0380598602313812e-05,tested,0.002148783910678959,True
feature_set,mlp,balanced_accuracy,4,6,10,-0.05520434259127714,-0.06116697430698366,-0.049241710875570624,6.043097009993008e-09,tested,1.492644961468273e-06,True
feature_set,mlp,mcc,4,6,10,-0.1104688216001343,-0.1224489101826021,-0.0984887330176665,6.262815731486159e-09,tested,1.5343898542141089e-06,True
feature_set,mlp,accuracy,4,8,10,-0.05624220751981738,-0.060566650117915524,-0.051917764921719234,2.955268511306484e-10,tested,7.949672295414442e-08,True
feature_set,mlp,precision,4,8,10,-0.05391016264877737,-0.05890942604514372,-0.048910899252411016,1.5653532526887214e-09,tested,4.1481861196251117e-07,True
feature_set,mlp,recall,4,8,10,-0.05764284496015278,-0.06563187138234854,-0.04965381853795703,5.4057930850399914e-08,tested,1.259549788814318e-05,True
feature_set,mlp,f1,4,8,10,-0.0557770187770278,-0.06032556506503621,-0.05122847248901939,4.99184526075652e-10,tested,1.332822684621991e-07,True
feature_set,mlp,roc_auc,4,8,10,-0.022119891812492975,-0.03100831075101024,-0.013231472873975709,0.0003218429636577941,tested,0.057609890494745145,False
feature_set,mlp,pr_auc_benign,4,8,10,-0.03787421575320617,-0.0613210093101429,-0.014427422196269434,0.005283567031835467,tested,0.702714415234117,False
feature_set,mlp,pr_auc_ddos,4,8,10,-0.016658973643552864,-0.021475858677881342,-0.011842088609224387,2.643998237002919e-05,tested,0.0053673164211159256,True
feature_set,mlp,balanced_accuracy,4,8,10,-0.05623502835714735,-0.06053291060629309,-0.05193714610800162,2.800493821073815e-10,tested,7.5613333168993e-08,True
feature_set,mlp,mcc,4,8,10,-0.11250010988499684,-0.12124270238339177,-0.10375751738660191,3.2492222764784747e-10,tested,8.707915700962312e-08,True
feature_set,mlp,accuracy,6,8,10,-0.0010312350073622412,-0.00536013707087431,0.0032976670561498276,0.6030331812335981,tested,1.0,False
feature_set,mlp,precision,6,8,10,-0.00033195945455790634,-0.006969694882140883,0.00630577597302507,0.912408749312406,tested,1.0,False
feature_set,mlp,recall,6,8,10,-0.0017276738642135081,-0.006681649834812443,0.003226302106385427,0.45044248818453925,tested,1.0,False
feature_set,mlp,f1,6,8,10,-0.001045140117772525,-0.005352710154719935,0.0032624299191748845,0.5964502308370152,tested,1.0,False
feature_set,mlp,roc_auc,6,8,10,-0.000810197935324164,-0.004011206528428972,0.0023908106577806443,0.5809567602311845,tested,1.0,False
feature_set,mlp,pr_auc_benign,6,8,10,-0.002569316512375519,-0.009073668492591086,0.003935035467840049,0.39481001540201976,tested,1.0,False
feature_set,mlp,pr_auc_ddos,6,8,10,-0.00023824185725053183,-0.0021426493978469545,0.0016661656833458908,0.7835808483483624,tested,1.0,False
feature_set,mlp,balanced_accuracy,6,8,10,-0.0010306857658702096,-0.005351977712021014,0.0032906061802805953,0.6025952643250146,tested,1.0,False
feature_set,mlp,mcc,6,8,10,-0.0020312882848625537,-0.010618728546001786,0.00655615197627668,0.6055510275212774,tested,1.0,False
feature_set,rf,accuracy,4,6,10,-0.002864293606568147,-0.003874744881130442,-0.0018538423320058517,0.00012345226350023535,tested,0.024073191382545895,True
feature_set,rf,precision,4,6,10,-0.0037269139189419096,-0.0040515894910641195,-0.0034022383468197003,8.984811901106597e-10,tested,2.3899599656943546e-07,True
feature_set,rf,recall,4,6,10,-0.0019002420893897253,-0.004031114547963329,0.00023063036918387846,0.07444369824980504,tested,1.0,False
feature_set,rf,f1,4,6,10,-0.002825447833940886,-0.003856007753600242,-0.0017948879142815298,0.00015847115804385506,tested,0.029951048870288606,True
feature_set,rf,roc_auc,4,6,10,-0.0002852205277245723,-0.0003263020615086841,-0.00024413899394046048,7.562644720618909e-08,tested,1.739408285742349e-05,True
feature_set,rf,pr_auc_benign,4,6,10,-0.00027037821158311105,-0.0003109308480601457,-0.00022982557510607638,1.0755686969713935e-07,tested,2.4307852551553493e-05,True
feature_set,rf,pr_auc_ddos,4,6,10,-0.00030505098152402434,-0.0003498442305637251,-0.0002602577324843236,8.945065325237978e-08,tested,2.0394748941542587e-05,True
feature_set,rf,balanced_accuracy,4,6,10,-0.0028683209187571946,-0.003883123558476422,-0.0018535182790379672,0.0001261676639850945,tested,0.024476526813108333,True
feature_set,rf,mcc,4,6,10,-0.005705699843406608,-0.007761374073822448,-0.003650025612990769,0.00014458151770412554,tested,0.02761506988148798,True
feature_set,rf,accuracy,4,8,10,-0.003071165261909636,-0.004022672696327002,-0.0021196578274922705,4.5571618957367186e-05,tested,0.009159895410430805,True
feature_set,rf,precision,4,8,10,-0.0038515440627003295,-0.004423224262694692,-0.003279863862705967,9.823653159335353e-08,tested,2.229969267169125e-05,True
feature_set,rf,recall,4,8,10,-0.002192913690390985,-0.004452115927410866,6.628854662889608e-05,0.055722521317785274,tested,1.0,False
feature_set,rf,f1,4,8,10,-0.003031662487690867,-0.004006458076673171,-0.0020568668987085625,6.0826412185265286e-05,tested,0.011982803200497261,True
feature_set,rf,roc_auc,4,8,10,-0.0002919604734292758,-0.00041545878184162503,-0.00016846216501692653,0.00046361010340961945,tested,0.0811317680966834,False
feature_set,rf,pr_auc_benign,4,8,10,-0.0002612724902137598,-0.0003949956724199395,-0.00012754930800758005,0.0016714948003839023,tested,0.26576767326104045,False
feature_set,rf,pr_auc_ddos,4,8,10,-0.00032753403207516076,-0.0004371540491473588,-0.00021791401500296273,8.279068896081049e-05,tested,0.016226975036318855,True
feature_set,rf,balanced_accuracy,4,8,10,-0.003074548843759162,-0.004032289932863609,-0.002116807754654714,4.754539783548157e-05,tested,0.009509079567096314,True
feature_set,rf,mcc,4,8,10,-0.006124492646503876,-0.008067979635437556,-0.004181005657570196,5.492126586670389e-05,tested,0.010874410641607369,True
feature_set,rf,accuracy,6,8,10,-0.00020687165534148954,-0.00031003360544885574,-0.00010370970523412332,0.0014133304892592791,tested,0.22754620877074394,False
feature_set,rf,precision,6,8,10,-0.00012463014375841964,-0.00045405340917447745,0.00020479312165763816,0.4142912509233245,tested,1.0,False
feature_set,rf,recall,6,8,10,-0.00029267160100125976,-0.0004599483503911185,-0.000125394851611401,0.0033146638054618043,tested,0.4806262517919616,False
feature_set,rf,f1,6,8,10,-0.00020621465374998094,-0.0003061162045100924,-0.00010631310298986949,0.0011694218291444741,tested,0.1906157581505493,False
feature_set,rf,roc_auc,6,8,10,-6.739945704703487e-06,-0.00012482553004465396,0.00011134563863524698,0.9001047802499881,tested,1.0,False
feature_set,rf,pr_auc_benign,6,8,10,9.105721369351282e-06,-0.00011411328017782683,0.0001323247229165294,0.8709317519245988,tested,1.0,False
feature_set,rf,pr_auc_ddos,6,8,10,-2.248305055113642e-05,-0.00013132698161749337,8.636088051522053e-05,0.6514087386271572,tested,1.0,False
feature_set,rf,balanced_accuracy,6,8,10,-0.00020622792500196718,-0.00031004001701223427,-0.00010241583299170009,0.0015020916038340577,tested,0.24033465661344924,False
feature_set,rf,mcc,6,8,10,-0.00041879280309726764,-0.0006171633271997262,-0.00022042227899480906,0.00100718777726559,tested,0.1658347727908893,False
feature_set,xgboost,accuracy,4,6,10,-0.0016146258342122689,-0.0023454255277814986,-0.0008838261406430391,0.0007409873479152021,tested,0.12596784914558434,False
feature_set,xgboost,precision,4,6,10,-0.0013520238155845688,-0.0016986338218138082,-0.0010054138093553294,1.0032127721767022e-05,tested,0.0020866825661275405,True
feature_set,xgboost,recall,4,6,10,-0.0018574617129897386,-0.003205059461052143,-0.0005098639649273337,0.012357512035494837,tested,1.0,False
feature_set,xgboost,f1,4,6,10,-0.0015988592184588257,-0.002327741205181236,-0.0008699772317364154,0.0007781553538145983,tested,0.1315082547946671,False
feature_set,xgboost,roc_auc,4,6,10,-0.00012644576640119531,-0.00021485105048778613,-3.8040482314604496e-05,0.010231208895203492,tested,1.0,False
feature_set,xgboost,pr_auc_benign,4,6,10,-0.00010974820428597543,-0.00019826297565338962,-2.1233432918561234e-05,0.02055030760586844,tested,1.0,False
feature_set,xgboost,pr_auc_ddos,4,6,10,-0.00015103241662695055,-0.00023159124724532844,-7.047358600857264e-05,0.0021707259925369733,tested,0.3318607042569156,False
feature_set,xgboost,balanced_accuracy,4,6,10,-0.0016101475634885732,-0.0023369254376734974,-0.0008833696893036489,0.0007272488671257935,tested,0.12435955627851068,False
feature_set,xgboost,mcc,4,6,10,-0.003242239380183298,-0.004726656854708893,-0.0017578219056577035,0.0008011765851999562,tested,0.13459766631359266,False
feature_set,xgboost,accuracy,4,8,10,-0.001194286419348789,-0.0019016991561993171,-0.0004868736824982607,0.00409570873620357,tested,0.5847248841574827,False
feature_set,xgboost,precision,4,8,10,-0.0012240958933664615,-0.001728908353815544,-0.0007192834329173787,0.00038744334274017864,tested,0.06819002832227145,False
feature_set,xgboost,recall,4,8,10,-0.0011406633695928647,-0.002985114830503454,0.0007037880913177248,0.19532293463433123,tested,1.0,False
feature_set,xgboost,f1,4,8,10,-0.0011786853158962328,-0.0018936833194326502,-0.0004636873123598156,0.0047032678092482,tested,0.6349411542485071,False
feature_set,xgboost,roc_auc,4,8,10,-0.00012660866384002213,-0.00023493653631454696,-1.828079136549731e-05,0.02674200470924395,tested,1.0,False
feature_set,xgboost,pr_auc_benign,4,8,10,-9.718781197904924e-05,-0.0001981974773444644,3.8218533863659435e-06,0.057495352405759384,tested,1.0,False
feature_set,xgboost,pr_auc_ddos,4,8,10,-0.000158973846960353,-0.00025473472994114253,-6.321296397956351e-05,0.0045166678237851,tested,0.6187834918585587,False
feature_set,xgboost,balanced_accuracy,4,8,10,-0.0011895392063618004,-0.0018939423548406486,-0.00048513605788295196,0.00408898520389848,tested,0.5847248841574827,False
feature_set,xgboost,mcc,4,8,10,-0.0023971381026524296,-0.0038524223217539107,-0.0009418538835509484,0.0047250114282775466,tested,0.6349411542485071,False
feature_set,xgboost,accuracy,6,8,10,0.0004203394148634798,0.0003599593034359544,0.00048071952629100525,7.386894287513502e-08,tested,1.706372580415619e-05,True
feature_set,xgboost,precision,6,8,10,0.00012792792221810734,-0.00040285207160788877,0.0006587079160441034,0.5988502322767095,tested,1.0,False
feature_set,xgboost,recall,6,8,10,0.0007167983433968739,0.00019890048294007867,0.0012346962038536692,0.012103230454423566,tested,1.0,False
feature_set,xgboost,f1,6,8,10,0.0004201739025625928,0.00036615961119160066,0.0004741881939335849,2.798796649388006e-08,tested,6.661136025543455e-06,True
feature_set,xgboost,roc_auc,6,8,10,-1.628974388268034e-07,-2.1159902884126362e-05,2.0834108006472754e-05,0.9863806715889673,tested,1.0,False
feature_set,xgboost,pr_auc_benign,6,8,10,1.2560392306926182e-05,-1.8086626994792094e-06,2.6929447313331574e-05,0.07938928716859638,tested,1.0,False
feature_set,xgboost,pr_auc_ddos,6,8,10,-7.941430333402445e-06,-3.124804538451094e-05,1.536518471770605e-05,0.4605801557989482,tested,1.0,False
feature_set,xgboost,balanced_accuracy,6,8,10,0.0004206083571267727,0.00035607916406526596,0.00048513755018827944,1.309139881800795e-07,tested,2.932473335233781e-05,True
feature_set,xgboost,mcc,6,8,10,0.0008451012775308686,0.000730332870664045,0.0009598696843976923,4.5254635082438755e-08,tested,1.0634839244373107e-05,True
model,4,accuracy,hybrid,mlp,10,0.057637043780523825,0.0518456293835474,0.06342845817750024,3.1888762911221016e-09,tested,8.291078356917464e-07,True
model,4,precision,hybrid,mlp,10,0.05488953806404453,0.04853733962501019,0.06124173650307887,1.1109822506670142e-08,tested,2.6663574016008343e-06,True
model,4,recall,hybrid,mlp,10,0.05941822662305015,0.05148782191048878,0.06734863133561153,3.8880148494616746e-08,tested,9.175715044729552e-06,True
model,4,f1,hybrid,mlp,10,0.05715685219978104,0.05127865750124021,0.06303504689832187,3.917397793285442e-09,tested,1.0028538350810732e-06,True
model,4,roc_auc,hybrid,mlp,10,0.023199455724185414,0.014210664280575895,0.032188247167794934,0.00024728803954868477,tested,0.044511847118763256,True
model,4,pr_auc_benign,hybrid,mlp,10,0.039444727506419586,0.015570601660653962,0.0633188533521852,0.00464318835847272,tested,0.6314736167522899,False
model,4,pr_auc_ddos,hybrid,mlp,10,0.017634468783851685,0.013122932420158879,0.022146005147544494,9.865048135915975e-06,tested,0.002061795060406439,True
model,4,balanced_accuracy,hybrid,mlp,10,0.057638707258362745,0.051862744151557574,0.06341467036516792,3.113506624923316e-09,tested,8.126252291049855e-07,True
model,4,mcc,hybrid,mlp,10,0.11528419755403144,0.10364174469253114,0.12692665041553172,3.334640645523311e-09,tested,8.603372865450142e-07,True
model,4,accuracy,hybrid,rf,10,0.0013647763323736406,0.0008622692775842472,0.001867283387163034,0.00016997377174756594,tested,0.03178509531679483,True
model,4,precision,hybrid,rf,10,0.00037983816597065846,0.00011976399940316493,0.000639912332538152,0.009172985790996324,tested,1.0,False
model,4,recall,hybrid,rf,10,0.002397034506140194,0.0014949248527867654,0.0032991441594936227,0.0001998179654066377,tested,0.0365666876694147,True
model,4,f1,hybrid,rf,10,0.001371439772556071,0.0008596976145506688,0.0018831819305614734,0.00018761674449737875,tested,0.03470909773201507,True
model,4,roc_auc,hybrid,rf,10,-0.0005500344696755643,-0.0008758660051530608,-0.00022420293419806776,0.004097853164293032,tested,0.5847248841574827,False
model,4,pr_auc_benign,hybrid,rf,10,-0.0005421792557549265,-0.0008820155601365462,-0.0002023429513733069,0.005667481686318859,tested,0.7424401009077705,False
model,4,pr_auc_ddos,hybrid,rf,10,-0.0006162043369908554,-0.0008655205219261499,-0.00036688815205556096,0.0003381059342108759,tested,0.060182856289535916,False
model,4,balanced_accuracy,hybrid,rf,10,0.0013657895037443412,0.0008557887774199916,0.0018757902300686909,0.00018861653183567352,tested,0.03470909773201507,True
model,4,mcc,hybrid,rf,10,0.0027641774632690685,0.0017481767577570328,0.003780178168781104,0.00016780159372878307,tested,0.03154669962101122,True
model,4,accuracy,hybrid,xgboost,10,7.830205443988269e-05,-0.00027186081660592396,0.00042846492548568937,0.6251155954109836,tested,1.0,False
model,4,precision,hybrid,xgboost,10,-0.000996439117031045,-0.001162085519960769,-0.000830792714101321,2.6206043223889726e-07,tested,5.817741595703519e-05,True
model,4,recall,hybrid,xgboost,10,0.001221731264133863,0.0004905069054634116,0.0019529556228043143,0.0043515762784923084,tested,0.6092206789889232,False
model,4,f1,hybrid,xgboost,10,9.334323228673557e-05,-0.00025355460181585834,0.00044024106638932943,0.5577714530874728,tested,1.0,False
model,4,roc_auc,hybrid,xgboost,10,-0.0007430252803876325,-0.0010948641816386252,-0.0003911863791366399,0.0010050592290356927,tested,0.1658347727908893,False
model,4,pr_auc_benign,hybrid,xgboost,10,-0.0007291668654239358,-0.0010898047557990394,-0.00036852897504883206,0.0013395880153282671,tested,0.2170132584831793,False
model,4,pr_auc_ddos,hybrid,xgboost,10,-0.0007796388960535583,-0.0010571491369817457,-0.0005021286551253709,0.00013204365746804174,tested,0.025484425891332055,True
model,4,balanced_accuracy,hybrid,xgboost,10,7.385199847838031e-05,-0.00027012072213437687,0.0004178247190911375,0.6387908546565122,tested,1.0,False
model,4,mcc,hybrid,xgboost,10,0.00019584206683115335,-0.0005204086496207327,0.0009120927832830394,0.5515542493294469,tested,1.0,False
model,4,accuracy,mlp,rf,10,-0.056272267448150184,-0.06207253015884814,-0.05047200473745223,3.996221177389122e-09,tested,1.0110439578794479e-06,True
model,4,precision,mlp,rf,10,-0.054509699898073874,-0.06073516471578398,-0.048284235080363766,9.88883913605227e-09,tested,2.3832102317885973e-06,True
model,4,recall,mlp,rf,10,-0.05702119211690996,-0.0650039050258474,-0.049038479207972524,5.9016312230858046e-08,tested,1.3691784437559066e-05,True
model,4,f1,mlp,rf,10,-0.05578541242722497,-0.06165227957849558,-0.04991854527595436,4.774233375739128e-09,tested,1.188784110559043e-06,True
model,4,roc_auc,mlp,rf,10,-0.023749490193860977,-0.03292781867550201,-0.014571161712219944,0.0002427068675279409,tested,0.0439299430225573,True
model,4,pr_auc_benign,mlp,rf,10,-0.039986906762174514,-0.06404052286876152,-0.01593329065558751,0.004480679430985654,tested,0.6183337614760203,False
model,4,pr_auc_ddos,mlp,rf,10,-0.018250673120842543,-0.022893185990045122,-0.013608160251639963,9.414608537486593e-06,tested,0.0019770677928721845,True
model,4,balanced_accuracy,mlp,rf,10,-0.0562729177546184,-0.062060566021589166,-0.05048526948764764,3.919556439014209e-09,tested,1.0028538350810732e-06,True
model,4,mcc,mlp,rf,10,-0.11252002009076238,-0.12418191565232715,-0.10085812452919761,4.1953119892737255e-09,tested,1.0530233093077051e-06,True
model,4,accuracy,mlp,xgboost,10,-0.05755874172608394,-0.06348215291677899,-0.05163533053538889,3.9402102795409375e-09,tested,1.0028538350810732e-06,True
model,4,precision,mlp,xgboost,10,-0.055885977181075575,-0.062237502685098665,-0.049534451677052484,9.47169969028953e-09,tested,2.292151325050066e-06,True
model,4,recall,mlp,xgboost,10,-0.058196495358916286,-0.0666599932521871,-0.049732997465645475,8.225087229114386e-08,tested,1.8835449754671943e-05,True
model,4,f1,mlp,xgboost,10,-0.057063508967494306,-0.063083920190936,-0.05104309774405261,4.910501361690536e-09,tested,1.217804337699253e-06,True
model,4,roc_auc,mlp,xgboost,10,-0.023942481004573045,-0.03315290206100906,-0.014732059948137036,0.00023468903251714994,tested,0.04271340391812129,True
model,4,pr_auc_benign,mlp,xgboost,10,-0.04017389437184352,-0.06425122422185946,-0.016096564521827585,0.004386034406243799,tested,0.609658782467888,False
model,4,pr_auc_ddos,mlp,xgboost,10,-0.018414107679905246,-0.023094554781829195,-0.013733660577981295,9.355060404882027e-06,tested,0.0019739177454301078,True
model,4,balanced_accuracy,mlp,xgboost,10,-0.05756485525988436,-0.06346534870436998,-0.051664361815398734,3.803734143519779e-09,tested,9.775596748845832e-07,True
model,4,mcc,mlp,xgboost,10,-0.11508835548720028,-0.1270099877180514,-0.10316672325634918,4.175272328328044e-09,tested,1.0521686267386671e-06,True
model,4,accuracy,rf,xgboost,10,-0.001286474277933758,-0.0019644025806919278,-0.0006085459751755881,0.0020118039052385264,tested,0.3118296053119716,False
model,4,precision,rf,xgboost,10,-0.0013762772830017034,-0.0015497492943762764,-0.0012028052716271304,2.3545431851326837e-08,tested,5.627358212467114e-06,True
model,4,recall,rf,xgboost,10,-0.0011753032420063314,-0.002538138343688519,0.00018753185967585666,0.08285023614776203,tested,1.0,False
model,4,f1,rf,xgboost,10,-0.0012780965402693356,-0.0019629113922008026,-0.0005932816883378686,0.0022330002986203656,tested,0.3371830450916752,False
model,4,roc_auc,rf,xgboost,10,-0.00019299081071206815,-0.00023989901996788004,-0.00014608260145625626,6.4837918019292425e-06,tested,0.0013745638620089994,True
model,4,pr_auc_benign,rf,xgboost,10,-0.0001869876096690093,-0.00022863731321401106,-0.00014533790612400753,3.1451377077452673e-06,tested,0.0006730594694574871,True
model,4,pr_auc_ddos,rf,xgboost,10,-0.00016343455906270288,-0.000214992280212547,-0.00011187683791285876,5.246023542489745e-05,tested,0.010439586849554592,True
model,4,balanced_accuracy,rf,xgboost,10,-0.001291937505265961,-0.0019675867214659143,-0.0006162882890660075,0.0019174940102918987,tested,0.2991290656055362,False
model,4,mcc,rf,xgboost,10,-0.002568335396437915,-0.003948993131958273,-0.0011876776609175575,0.0022791242137028393,tested,0.3418686320554259,False
model,6,accuracy,hybrid,mlp,10,0.004005779102290696,-1.905873317409844e-05,0.00803061693775549,0.05088297021143011,tested,1.0,False
model,6,precision,hybrid,mlp,10,0.004019683349545056,-0.0008326518198861523,0.008872018518976264,0.09370271648711721,tested,1.0,False
model,6,recall,hybrid,mlp,10,0.0038453094590253146,-0.0022595536687637584,0.009950172586814387,0.18793293110801376,tested,1.0,False
model,6,f1,hybrid,mlp,10,0.003968679589679391,-5.749737577694786e-05,0.00799485655513573,0.05270956063775787,tested,1.0,False
model,6,roc_auc,hybrid,mlp,10,0.002564542370941514,-0.0005260571988104038,0.005655141940693432,0.0932351650812267,tested,1.0,False
model,6,pr_auc_benign,hybrid,mlp,10,0.004701500435269357,-0.0019109519737276915,0.011313952844266405,0.14220679277280932,tested,1.0,False
model,6,pr_auc_ddos,hybrid,mlp,10,0.0019925984010060625,0.000316476809807135,0.00366871999220499,0.02482552462215321,tested,1.0,False
model,6,balanced_accuracy,hybrid,mlp,10,0.004015361034099418,-1.6110741938447914e-05,0.008046832810137284,0.05074416552335816,tested,1.0,False
model,6,mcc,hybrid,mlp,10,0.007938467058550258,-0.0001031923221164674,0.015980126439216983,0.05242827987068287,tested,1.0,False
model,6,accuracy,hybrid,rf,10,8.019056002750435e-05,-3.0365791406388853e-05,0.00019074691146139756,0.13525263932338455,tested,1.0,False
model,6,precision,hybrid,rf,10,-0.0006387272732512606,-0.0008988998890176682,-0.000378554657484853,0.0003547700887887163,tested,0.06279430571560278,False
model,6,recall,hybrid,rf,10,0.0008390463486649069,0.0006549019664775064,0.0010231907308523075,2.7795105288129016e-06,tested,0.0005975947636947739,True
model,6,f1,hybrid,rf,10,8.969798776881088e-05,-1.8781776034530563e-05,0.00019817775157215234,0.09422408247519352,tested,1.0,False
model,6,roc_auc,hybrid,rf,10,-0.00016047447347522503,-0.0004493553987126184,0.00012840645176216833,0.24051991853947022,tested,1.0,False
model,6,pr_auc_benign,hybrid,rf,10,-0.0002508852976576215,-0.0005918159178884292,9.004532257318618e-05,0.13033220691807115,tested,1.0,False
model,6,pr_auc_ddos,hybrid,rf,10,-0.0001423939150581699,-0.00036008405801640547,7.529622790006569e-05,0.17308172979623807,tested,1.0,False
model,6,balanced_accuracy,hybrid,rf,10,7.846495200096726e-05,-3.2040022861031886e-05,0.0001889699268629664,0.14267851639022155,tested,1.0,False
model,6,mcc,hybrid,rf,10,0.00018156872451554617,-3.821032965441867e-05,0.000401347778685511,0.09446966196697348,tested,1.0,False
model,6,accuracy,hybrid,xgboost,10,4.338405444962445e-05,-6.711481835624768e-05,0.00015388292725549658,0.39756573530112327,tested,1.0,False
model,6,precision,hybrid,xgboost,10,0.00035988554710437716,0.00020608139105723154,0.0005136897031515228,0.00049831191329975,tested,0.0867062729141565,False
model,6,recall,hybrid,xgboost,10,-0.0002934765169414377,-0.0005344093181461959,-5.254371573667951e-05,0.022275553287244086,tested,1.0,False
model,6,f1,hybrid,xgboost,10,3.819006298153571e-05,-7.252519798540708e-05,0.00014890532394847851,0.4552415333411852,tested,1.0,False
model,6,roc_auc,hybrid,xgboost,10,-0.0001946905228639162,-0.00045557565952399195,6.619461379615957e-05,0.12564679670115353,tested,1.0,False
model,6,pr_auc_benign,hybrid,xgboost,10,-0.00027724290002949513,-0.0005887457303138581,3.4259930254867846e-05,0.07492086196507067,tested,1.0,False
model,6,pr_auc_ddos,hybrid,xgboost,10,-0.000151809909223799,-0.00034858289478845785,4.496307634085987e-05,0.11489917637718268,tested,1.0,False
model,6,balanced_accuracy,hybrid,xgboost,10,4.4700802003627696e-05,-6.655224813647512e-05,0.0001559538521437305,0.38708402229811867,tested,1.0,False
model,6,mcc,hybrid,xgboost,10,7.669379130094134e-05,-0.00014577768275118646,0.00029916526535306916,0.4554998405608468,tested,1.0,False
model,6,accuracy,mlp,rf,10,-0.003925588542263192,-0.008001238782824166,0.0001500616982977824,0.0572801630704496,tested,1.0,False
model,6,precision,mlp,rf,10,-0.004658410622796316,-0.009427910995002706,0.00011108974941007304,0.054492542275511834,tested,1.0,False
model,6,recall,mlp,rf,10,-0.0030062631103604078,-0.009174696983829217,0.0031621707631084017,0.2988554908700228,tested,1.0,False
model,6,f1,mlp,rf,10,-0.0038789816019105805,-0.007957728373110828,0.0001997651692896658,0.059903619460000015,tested,1.0,False
model,6,roc_auc,mlp,rf,10,-0.002725016844416739,-0.006049833060658986,0.0005997993718255077,0.09672359337034739,tested,1.0,False
model,6,pr_auc_benign,mlp,rf,10,-0.004952385732926978,-0.011832647278127691,0.0019278758122737352,0.13790415586938712,tested,1.0,False
model,6,pr_auc_ddos,mlp,rf,10,-0.0021349923160642326,-0.0039847859467600985,-0.00028519868536836684,0.028227510590863907,tested,1.0,False
model,6,balanced_accuracy,mlp,rf,10,-0.003936896082098451,-0.00801931290445144,0.0001455207402545379,0.05703296929546863,tested,1.0,False
model,6,mcc,mlp,rf,10,-0.007756898334034712,-0.015902569669238444,0.00038877300116902085,0.05962870473276161,tested,1.0,False
model,6,accuracy,mlp,xgboost,10,-0.003962395047841072,-0.008012009055913477,8.72189602313337e-05,0.054140902460046256,tested,1.0,False
model,6,precision,mlp,xgboost,10,-0.0036597978024406784,-0.008447127469827577,0.0011275318649462199,0.11780249326566994,tested,1.0,False
model,6,recall,mlp,xgboost,10,-0.004138785975966753,-0.01040668060421478,0.002129108652281276,0.16945008868183437,tested,1.0,False
model,6,f1,mlp,xgboost,10,-0.003930489526697856,-0.007984400060303034,0.00012342100690732223,0.05594973929961048,tested,1.0,False
model,6,roc_auc,mlp,xgboost,10,-0.00275923289380543,-0.006071349231589858,0.0005528834439789973,0.09213603630788783,tested,1.0,False
model,6,pr_auc_benign,mlp,xgboost,10,-0.004978743335298852,-0.011843644579636303,0.001886157909038599,0.1352955100217158,tested,1.0,False
model,6,pr_auc_ddos,mlp,xgboost,10,-0.0021444083102298618,-0.003991199630492244,-0.000297616989967479,0.02750654830376363,tested,1.0,False
model,6,balanced_accuracy,mlp,xgboost,10,-0.0039706602320957905,-0.008026452795024194,8.513233083261296e-05,0.05403164215237738,tested,1.0,False
model,6,mcc,mlp,xgboost,10,-0.007861773267249317,-0.01595757412239176,0.00023402758789312257,0.05563333264598389,tested,1.0,False
model,6,accuracy,rf,xgboost,10,-3.68065055778799e-05,-9.64391836303155e-05,2.2826172474555703e-05,0.19611799446151623,tested,1.0,False
model,6,precision,rf,xgboost,10,0.0009986128203556377,0.0007598834233318977,0.0012373422173793777,5.65548948004642e-06,tested,0.0012046192592498875,True
model,6,recall,rf,xgboost,10,-0.0011325228656063446,-0.0014261147674826647,-0.0008389309637300245,1.0985125685903134e-05,tested,0.002262935891296046,True
model,6,f1,rf,xgboost,10,-5.1507924787275174e-05,-0.00011242990993105075,9.414060356500398e-06,0.08809508017972283,tested,1.0,False
model,6,roc_auc,rf,xgboost,10,-3.421604938869116e-05,-9.007825297251726e-05,2.1646154195134928e-05,0.19924299570063064,tested,1.0,False
model,6,pr_auc_benign,rf,xgboost,10,-2.635760237187368e-05,-8.164832864907738e-05,2.8933123905330022e-05,0.308912031286269,tested,1.0,False
model,6,pr_auc_ddos,rf,xgboost,10,-9.415994165629105e-06,-5.890795102082684e-05,4.007596268956863e-05,0.6770399932475317,tested,1.0,False
model,6,balanced_accuracy,rf,xgboost,10,-3.3764149997339565e-05,-9.511313631133935e-05,2.7584836316660224e-05,0.24457038281032165,tested,1.0,False
model,6,mcc,rf,xgboost,10,-0.00010487493321460483,-0.00022480856576055454,1.5058699331344872e-05,0.07929872790097037,tested,1.0,False
model,8,accuracy,hybrid,mlp,10,0.0026302127454197466,-0.000986859485036292,0.006247284975875785,0.13438716907594,tested,1.0,False
model,8,precision,hybrid,mlp,10,0.0035320899465872578,-0.001700789068594749,0.008764968961769265,0.16112877239974485,tested,1.0,False
model,8,recall,hybrid,mlp,10,0.001584802787467532,-0.0022042216411571926,0.005373827216092256,0.3687691283914466,tested,1.0,False
model,8,f1,hybrid,mlp,10,0.002580299960874144,-0.0010185071568174428,0.006179107078565731,0.13926614031630613,tested,1.0,False
model,8,roc_auc,hybrid,mlp,10,0.0017256541748278064,0.0005207402928474486,0.0029305680568081642,0.010161628190641725,tested,1.0,False
model,8,pr_auc_benign,hybrid,mlp,10,0.002059361113481939,0.000541937831154132,0.0035767843958097465,0.013352445068193115,tested,1.0,False
model,8,pr_auc_ddos,hybrid,mlp,10,0.001780997513819793,0.0006534654683861348,0.0029085295592534513,0.005994168747639448,tested,0.7732477684454888,False
model,8,balanced_accuracy,hybrid,mlp,10,0.002639803742821456,-0.000968203923928818,0.00624781140957173,0.13228681973628548,tested,1.0,False
model,8,mcc,hybrid,mlp,10,0.005216482476615658,-0.001977123576440594,0.01241008852967191,0.1353385756229472,tested,1.0,False
model,8,accuracy,hybrid,rf,10,-0.0004710124448226938,-0.0005542743376941081,-0.00038775055195127946,4.4443012412545685e-07,tested,9.821905743172596e-05,True
model,8,precision,hybrid,rf,10,-0.0009189913654095716,-0.0010406319523629931,-0.0007973507784561502,3.61526964504947e-08,tested,8.568189058767244e-06,True
model,8,recall,hybrid,rf,10,1.3541940319372613e-05,-8.441465532558707e-05,0.0001114985359643323,0.761610580680103,tested,1.0,False
model,8,f1,hybrid,rf,10,-0.0004597561770138925,-0.0005412990642600593,-0.00037821328976772573,4.5728490814746393e-07,tested,0.00010060267979244206,True
model,8,roc_auc,hybrid,rf,10,-0.00019590467996947192,-0.00043338285308768036,4.157349314873652e-05,0.0948808482295003,tested,1.0,False
model,8,pr_auc_benign,hybrid,rf,10,-0.00031460238570016894,-0.0005955625168339415,-3.36422545663963e-05,0.032075584898627045,tested,1.0,False
model,8,pr_auc_ddos,hybrid,rf,10,-0.00013823599554504406,-0.00031875976248752906,4.228777139744094e-05,0.11727088667821034,tested,1.0,False
model,8,balanced_accuracy,hybrid,rf,10,-0.00047263449840875273,-0.0005571399253433668,-0.00038812907147413864,4.899803920553457e-07,tested,0.0001073057058601207,True
model,8,mcc,hybrid,rf,10,-0.0009279203756537679,-0.0010943745345180478,-0.000761466216789488,5.039397211662476e-07,tested,0.00010985885921424198,True
model,8,accuracy,hybrid,xgboost,10,0.00011939211980439568,5.749674413112279e-05,0.00018128749547766858,0.0018140474792156425,tested,0.2848054542368559,False
model,8,precision,hybrid,xgboost,10,0.0003321795209225931,0.0002296615723841206,0.00043469746946106556,4.421222845735594e-05,tested,0.0089308701483859,True
model,8,recall,hybrid,xgboost,10,-0.00010951098088883837,-0.00021862484509668724,-3.9711668098949915e-07,0.04933158668627285,tested,1.0,False
model,8,f1,hybrid,xgboost,10,0.00011512445451140607,5.392252569010003e-05,0.00017632638333271212,0.002125960127938566,tested,0.32739785970253915,False
model,8,roc_auc,hybrid,xgboost,10,-0.0002235436810922864,-0.00048009177621530274,3.3004414030729946e-05,0.08019556241694,tested,1.0,False
model,8,pr_auc_benign,hybrid,xgboost,10,-0.00033750531713446776,-0.0006417727292645386,-3.323790500439687e-05,0.03335050233481614,tested,1.0,False
model,8,pr_auc_ddos,hybrid,xgboost,10,-0.0001331103694929392,-0.00033701407897659226,7.079333999071387e-05,0.17385321648213115,tested,1.0,False
model,8,balanced_accuracy,hybrid,xgboost,10,0.0001204376337226476,5.8117248294814965e-05,0.00018275801915048023,0.001792527945390005,tested,0.28321941537162076,False
model,8,mcc,hybrid,xgboost,10,0.00023109877175976347,0.00010784898804114832,0.0003543485554783786,0.002169024210829514,tested,0.3318607042569156,False
model,8,accuracy,mlp,rf,10,-0.0031012251902424403,-0.006766488148768348,0.0005640377682834675,0.08789142416712221,tested,1.0,False
model,8,precision,mlp,rf,10,-0.004451081311996829,-0.00974277627754119,0.0008406136535475317,0.08948627746512106,tested,1.0,False
model,8,recall,mlp,rf,10,-0.0015712608471481592,-0.005391465278974483,0.002248943584678164,0.3764301050317155,tested,1.0,False
model,8,f1,mlp,rf,10,-0.0030400561378880362,-0.0066870631910591685,0.000606950915283096,0.09196873841200602,tested,1.0,False
model,8,roc_auc,mlp,rf,10,-0.0019215588547972784,-0.003316835869446662,-0.0005262818401478946,0.012410002744100116,tested,1.0,False
model,8,pr_auc_benign,mlp,rf,10,-0.0023739634991821077,-0.004150299564618281,-0.0005976274337459344,0.014403672865027625,tested,1.0,False
model,8,pr_auc_ddos,mlp,rf,10,-0.0019192335093648372,-0.00312889027353197,-0.0007095767451977045,0.0058467821104683715,tested,0.7600816743608882,False
model,8,balanced_accuracy,mlp,rf,10,-0.003112438241230209,-0.006768262552063685,0.000543386069603267,0.08623466086603206,tested,1.0,False
model,8,mcc,mlp,rf,10,-0.006144402852269426,-0.013435800527488762,0.0011469948229499097,0.08898663163539375,tested,1.0,False
model,8,accuracy,mlp,xgboost,10,-0.0025108206256153507,-0.006142977391227438,0.0011213361399967361,0.15230865736297705,tested,1.0,False
model,8,precision,mlp,xgboost,10,-0.003199910425664665,-0.008448946231589394,0.002049125380260065,0.2011800884573442,tested,1.0,False
model,8,recall,mlp,xgboost,10,-0.0016943137683563703,-0.005498305591308474,0.0021096780545957336,0.33997856914409824,tested,1.0,False
model,8,f1,mlp,xgboost,10,-0.0024651755063627378,-0.006079275531769753,0.0011489245190442771,0.15722105613728513,tested,1.0,False
model,8,roc_auc,mlp,xgboost,10,-0.0019491978559200928,-0.0033362555504638926,-0.000562140161376293,0.011203602201825223,tested,1.0,False
model,8,pr_auc_benign,mlp,xgboost,10,-0.0023968664306164068,-0.004174901165318275,-0.0006188316959145387,0.013804421814218884,tested,1.0,False
model,8,pr_auc_ddos,mlp,xgboost,10,-0.0019141078833127324,-0.0031068560138299353,-0.0007213597527955297,0.0054832073508371965,tested,0.7237833703105099,False
model,8,balanced_accuracy,mlp,xgboost,10,-0.0025193661090988084,-0.0061422711101567105,0.0011035388919590937,0.1501457484430465,tested,1.0,False
model,8,mcc,mlp,xgboost,10,-0.0049853837048558945,-0.012208131100590141,0.002237363690878351,0.15285936768093483,tested,1.0,False
model,8,accuracy,rf,xgboost,10,0.0005904045646270894,0.0005315238996014436,0.0006492852296527353,2.9837348302186174e-09,tested,7.817385255172778e-07,True
model,8,precision,rf,xgboost,10,0.0012511708863321646,0.0011134250415354742,0.001388916731128855,7.15389644080936e-09,tested,1.7455507315574838e-06,True
model,8,recall,rf,xgboost,10,-0.000123052921208211,-0.00021838948492717858,-2.7716357489243398e-05,0.017036971312716635,tested,1.0,False
model,8,f1,rf,xgboost,10,0.0005748806315252986,0.000519066927184389,0.0006306943358662081,2.351904267012489e-09,tested,6.209027264912971e-07,True
model,8,roc_auc,rf,xgboost,10,-2.763900112281448e-05,-9.487328611669973e-05,3.959528387107077e-05,0.37667183812080796,tested,1.0,False
model,8,pr_auc_benign,rf,xgboost,10,-2.2902931434298778e-05,-9.989431790534762e-05,5.408845503675006e-05,0.5178939073284642,tested,1.0,False
model,8,pr_auc_ddos,rf,xgboost,10,5.12562605210487e-06,-5.2629568447539034e-05,6.288082055174878e-05,0.8453492984307542,tested,1.0,False
model,8,balanced_accuracy,rf,xgboost,10,0.0005930721321314003,0.0005309677445888405,0.00065517651967396,4.595756401544295e-09,tested,1.1489391003860739e-06,True
model,8,mcc,rf,xgboost,10,0.0011590191474135313,0.0010421703717036104,0.0012758679231234522,3.2846218296858114e-09,tested,8.507170538886251e-07,True
